ORI,pi^2,4.843611,8.9000,4.30,,77.4118,24.1790,,-94.4023,-29.4859
ORI,pi^3,4.830833,6.9500,3.10,,79.1898,25.0255,,-92.4438,-29.2139
ORI,pi^4,4.853611,5.6000,3.60,,80.6273,24.9519,,-91.3267,-28.2630
ORI,pi^5,4.904167,2.4500,3.70,,83.9717,24.7740,,-88.6715,-26.1605
ORI,pi^6,4.975833,1.7167,4.40,,85.1289,23.3885,,-88.4395,-24.2980
ORI,gamma,5.418889,6.3500,1.60,,82.6838,12.6770,,-95.2371,-14.6017
ORI,delta,5.533611,-0.3000,2.20,,89.3300,10.9617,,-89.3300,-10.9617
ORI,eta,5.408056,-2.3833,3.30,,91.2762,14.2595,,-86.5667,-13.5237
ORI,tau,5.293333,-6.8500,3.50,,95.1973,17.8157,,-81.7311,-15.2956
ORI,beta,5.242222,-8.2000,0.10,,96.2739,19.3539,,-80.1956,-16.1217
ORI,kappa,5.796111,-9.6667,2.00,,99.5247,5.3175,,-80.2189,-4.2860
ORI,zeta,5.679444,-1.9500,2.00,,91.6264,7.7075,,-87.7401,-7.3806
ORI,alpha,5.919444,7.4000,0.80,,82.5816,1.7419,,-97.3783,-2.0540
ORI,lambda,5.585556,9.9333,3.60,,79.5958,8.6703,,-99.3457,-10.8216
ORI,gamma,5.418889,6.3500,1.60,,82.6838,12.6770,,-95.2371,-14.6017
ORI,,,,,,,,,,
ORI,zeta,5.679444,-1.9500,2.00,,91.6264,7.7075,,-87.7401,-7.3806
ORI,epsilon,5.603333,-1.2000,1.60,,90.7087,9.4538,,-88.3216,-9.2051
ORI,delta,5.533611,-0.3000,2.20,,89.3300,10.9617,,-89.3300,-10.9617
ORI,,,,,,,,,,
ORI,alpha,5.919444,7.4000,0.80,,82.5816,1.7419,,-97.3783,-2.0540
ORI,mu,6.039722,9.6500,4.10,,80.3457,-0.8356,,-99.6446,1.0363
ORI,nu,6.126389,14.7667,4.40,,75.1922,-2.4889,,-104.7093,3.4659
ORI,chi^1,5.906389,20.2667,4.40,,69.7124,1.7088,,-110.2336,-2.7021
ORI,,,,,,,,,,
ORI,mu,6.039722,9.6500,4.10,,80.3457,-0.8356,,-99.6446,1.0363
ORI,xi,6.198889,14.2167,4.40,,75.6806,-3.9442,,-104.0754,5.4240
ORI,chi^2,6.065278,20.1333,4.60,,69.8565,-1.1939,,-110.1173,1.8821
ORI,,,,,,,,,,
GEM,alpha,7.576667,31.8833,1.99,,53.2356,-23.3134,,-111.6467,48.8933
GEM,rho,7.485278,31.7833,4.17,,53.8707,-22.0711,,-112.6919,46.1705
GEM,tau,7.185833,30.2500,4.39,,56.8937,-18.2529,,-114.5016,36.7349
GEM,epsilon,6.732222,25.1333,2.99,,63.6785,-12.3586,,-113.0244,21.9356
GEM,mu,6.382778,22.5167,2.89,,67.1448,-6.7513,,-111.9522,11.2565
GEM,eta,6.247778,22.5000,3.20,,67.3580,-4.3755,,-112.2634,7.2925
GEM,,,,,,,,,,
GEM,epsilon,6.732222,25.1333,2.99,,63.6785,-12.3586,,-113.0244,21.9356
GEM,nu,6.482778,20.2167,4.15,,69.2267,-8.7965,,-109.3375,13.8933
GEM,,,,,,,,,,
GEM,kappa,7.740833,24.4000,3.56,,58.9043,-28.8729,,-102.7234,50.3515
GEM,upsilon,7.598889,26.9000,4.06,,57.6522,-25.6483,,-106.8073,47.5164
GEM,iota,7.428889,27.8000,3.78,,57.8985,-22.7290,,-109.6534,43.0463
GEM,tau,7.185833,30.2500,4.39,,56.8937,-18.2529,,-114.5016,36.7349
GEM,theta,6.879722,33.9667,3.60,,54.5538,-12.7913,,-120.6934,28.2991
GEM,,,,,,,,,,
GEM,beta,7.755278,28.0167,1.15,,55.5532,-27.4913,,-105.7737,52.3436
GEM,upsilon,7.598889,26.9000,4.06,,57.6522,-25.6483,,-106.8073,47.5164
GEM,delta,7.335278,21.9833,3.53,,63.9029,-23.2956,,-105.2104,38.3541
GEM,zeta,7.068611,20.5667,4.15,,66.7339,-19.1724,,-106.2680,30.5304
GEM,gamma,6.628611,16.4000,1.93,,72.6056,-12.0578,,-104.9624,17.4313
GEM,,,,,,,,,,
GEM,delta,7.335278,21.9833,3.53,,63.9029,-23.2956,,-105.2104,38.3541
GEM,lambda,7.301667,16.5333,3.57,,69.2420,-24.5539,,-100.4072,35.6054
GEM,xi,6.755000,12.9000,3.35,,75.5988,-15.1404,,-100.8964,20.2069
GEM,,,,,,,,,,
CNC,iota,8.778333,28.7667,4.03,,45.7369,-40.7143,,-88.7102,78.9685
CNC,gamma,8.721389,21.4667,4.67,,51.8631,-44.8000,,-84.3532,72.8653
CNC,delta,8.744722,18.1500,3.93,,54.0851,-47.2993,,-81.4099,71.1958
CNC,beta,8.275278,9.2000,3.52,,66.8842,-45.3337,,-82.1153,55.6572
CNC,8,8.084444,13.1167,5.11,,65.7169,-39.9041,,-88.1401,53.5198
CNC,gamma,8.721389,21.4667,4.67,,51.8631,-44.8000,,-84.3532,72.8653
CNC,,,,,,,,,,
CNC,delta,8.744722,18.1500,3.93,,54.0851,-47.2993,,-81.4099,71.1958
CNC,alpha,8.974722,11.8667,4.23,,55.6130,-54.8818,,-72.5057,71.5524
CNC,,,,,,,,,,
CMI,alpha,7.655000,5.2333,0.36,,76.9337,-35.5891,,-86.4332,39.9835
CMI,beta,7.452500,8.2833,2.89,,75.8794,-30.3304,,-91.2626,36.4794
CMI,,,,,,,,,,
CMA,iota,6.935833,-17.0500,4.38,,103.8532,-25.9657,,-70.7715,17.6945
CMA,theta,6.903333,-12.0500,4.06,,99.2095,-23.9097,,-75.7803,18.2632
CMA,gamma,7.062500,-15.6333,4.11,,101.5730,-29.0057,,-71.5081,20.4202
CMA,iota,6.935833,-17.0500,4.38,,103.8532,-25.9657,,-70.7715,17.6945
CMA,alpha,6.752500,-16.7167,-1.47,,104.6525,-20.8879,,-71.8658,14.3439
CMA,nu^3,6.631667,-18.2333,4.41,,106.7568,-17.8171,,-70.7876,11.8140
CMA,nu,6.611389,-19.2500,3.94,,107.8535,-17.4121,,-69.8456,11.2760
CMA,beta,6.378333,-17.9500,1.98,,107.4209,-10.6747,,-71.6969,7.1247
CMA,,,,,,,,,,
CMA,alpha,6.752500,-16.7167,-1.47,,104.6525,-20.8879,,-71.8658,14.3439
CMA,omicron^2,7.050556,-23.8333,3.03,,109.5550,-30.9149,,-63.6798,17.9696
CMA,delta,7.140000,-26.4000,1.84,,111.2543,-34.2263,,-60.7884,18.7010
CMA,epsilon,6.977222,-28.9667,1.50,,115.0945,-30.1050,,-59.0468,15.4448
CMA,omicron,6.902222,-24.2000,3.86,,111.0291,-26.7241,,-63.9730,15.3979
CMA,nu,6.611389,-19.2500,3.94,,107.8535,-17.4121,,-69.8456,11.2760
CMA,xi,6.530833,-23.4167,4.34,,112.3232,-15.7110,,-65.9414,9.2235
CMA,,,,,,,,,,
CMA,delta,7.140000,-26.4000,1.84,,111.2543,-34.2263,,-60.7884,18.7010
CMA,omega,7.246667,-26.7667,3.82,,110.6026,-37.4369,,-59.8953,20.2734
CMA,eta,7.401389,-29.3000,2.44,,111.3606,-42.7938,,-56.6604,21.7735
CMA,,,,,,,,,,
CMA,epsilon,6.977222,-28.9667,1.50,,115.0945,-30.1050,,-59.0468,15.4448
CMA,zeta,6.338333,-30.0667,3.02,,119.5960,-10.6211,,-59.6984,5.3017
CMA,,,,,,,,,,
CMA,epsilon,6.977222,-28.9667,1.50,,115.0945,-30.1050,,-59.0468,15.4448
CMA,kappa,6.830556,-32.5167,3.94,,119.6318,-26.4305,,-56.1298,12.4009
CMA,,,,,,,,,,
MON,15,6.682778,9.8833,4.65,,78.8401,-14.2448,,-98.2918,17.7593
MON,13,6.548333,7.3333,4.48,,81.8163,-11.8264,,-96.3322,13.9246
MON,8,6.396111,4.6000,4.44,,84.9412,-8.8403,,-94.0918,9.7926
MON,18,6.797778,2.4000,4.46,,85.6963,-18.1632,,-90.3920,19.1585
MON,delta,7.197500,-0.5000,4.14,,85.6133,-27.7555,,-85.6133,27.7555
MON,28,8.020278,-1.4000,4.68,,78.9110,-46.1196,,-76.4936,44.7067
MON,zeta,8.143333,-2.9833,4.34,,78.7251,-49.4799,,-73.6733,46.3048
MON,,,,,,,,,,
MON,13,6.548333,7.3333,4.48,,81.8163,-11.8264,,-96.3322,13.9246
MON,18,6.797778,2.4000,4.46,,85.6963,-18.1632,,-90.3920,19.1585
MON,,,,,,,,,,
MON,28,8.020278,-1.4000,4.68,,78.9110,-46.1196,,-76.4936,44.7067
MON,alpha,7.687500,-9.5500,3.93,,89.9921,-42.5631,,-72.7259,34.3968
MON,,,,,,,,,,
MON,delta,7.197500,-0.5000,4.14,,85.6133,-27.7555,,-85.6133,27.7555
MON,beta,6.480278,-7.0333,4.60,,96.2673,-12.1685,,-82.3117,10.4045
MON,gamma,6.247778,-6.2833,3.97,,96.0808,-6.2413,,-83.5406,5.4267
MON,,,,,,,,,,
LEP,mu,5.215556,-16.2000,3.32,,103.9683,21.6570,,-72.2492,-15.0498
LEP,alpha,5.545556,-17.8333,2.58,,107.0711,12.7990,,-71.6565,-8.5657
LEP,zeta,5.782500,-14.8333,3.54,,104.6634,5.9661,,-75.0448,-4.2778
LEP,eta,5.940000,-14.1667,3.71,,104.1538,1.6362,,-75.8240,-1.1911
LEP,theta,6.102778,-14.9500,4.67,,104.9120,-2.8236,,-75.0228,2.0191
LEP,delta,5.855278,-20.8667,3.78,,110.7871,4.1995,,-69.0837,-2.6187
LEP,gamma,5.741111,-22.4500,3.60,,112.1918,7.6157,,-67.3949,-4.5748
LEP,beta,5.470833,-20.7500,2.84,,109.6889,15.2938,,-68.5865,-9.5629
LEP,alpha,5.545556,-17.8333,2.58,,107.0711,12.7990,,-71.6565,-8.5657
LEP,,,,,,,,,,
LEP,beta,5.470833,-20.7500,2.84,,109.6889,15.2938,,-68.5865,-9.5629
LEP,epsilon,5.091111,-22.3667,3.19,,109.2006,26.4857,,-65.7277,-15.9417
LEP,mu,5.215556,-16.2000,3.32,,103.9683,21.6570,,-72.2492,-15.0498
LEP,,,,,,,,,,
LEP,mu,5.215556,-16.2000,3.32,,103.9683,21.6570,,-72.2492,-15.0498
LEP,lambda,5.326111,-13.1833,4.29,,101.5817,18.1097,,-75.6243,-13.4821
LEP,,,,,,,,,,
LEP,mu,5.215556,-16.2000,3.32,,103.9683,21.6570,,-72.2492,-15.0498
LEP,kappa,5.220556,-12.9500,4.36,,100.8140,20.8623,,-75.4514,-15.6138
LEP,,,,,,,,,,
SEX,alpha,10.132222,-0.37,4.49,,42.2756,-79.4530,,-42.2756,79.4530
SEX,beta,10.505000,-0.63,5.06,,34.3326,-83.1942,,-34.3326,83.1942
SEX,gamma,9.875000,-8.10,5.05,,51.8035,-83.3067,,-43.2488,69.5497
SEX,alpha,10.132222,-0.37,4.49,,42.2756,-79.4530,,-42.2756,79.4530
SEX,,,,,,,,,,
PYX,beta,8.668333,-35.3000,3.97,,95.9502,-80.5832,,-41.8873,35.1788
PYX,alpha,8.726389,-33.2000,3.69,,93.1270,-80.6573,,-42.9352,37.1862
PYX,gamma,8.842222,-27.7000,4.01,,86.5923,-79.7187,,-45.8343,42.1960
PYX,,,,,,,,,,
TRI,alpha,1.884722,29.5833,3.41,,28.6157,53.2101,,-56.6394,-105.3193
TRI,beta,2.158889,34.9833,3.00,,29.4659,46.4607,,-66.9387,-105.5464
TRI,gamma,2.288611,33.8500,4.00,,31.6656,46.3693,,-69.8448,-102.2767
TRI,alpha,1.884722,29.5833,3.41,,28.6157,53.2101,,-56.6394,-105.3193
TRI,,,,,,,,,,
ARI,gamma,1.891944,19.2833,4.75,,33.6119,62.2180,,-51.9428,-96.1498
ARI,beta,1.910833,20.8000,2.63,,33.1917,60.7203,,-53.1451,-97.2226
ARI,alpha,2.119444,23.4500,2.01,,35.0607,56.5655,,-59.7691,-96.4290
ARI,41,2.833056,27.2667,3.61,,42.3787,46.2549,,-79.2179,-86.4638
ARI,,,,,,,,,,
LEO,beta,11.817778,14.5667,2.13,,3.5972,-75.3475,,-4.9865,104.4477
LEO,delta,11.235000,20.5167,2.56,,13.8230,-68.0945,,-21.9862,108.3076
LEO,60,11.038889,20.1833,4.41,,17.3824,-67.6182,,-27.4325,106.7137
LEO,gamma,10.333056,19.8500,1.90,,29.6513,-63.5753,,-46.4319,99.5545
LEO,zeta,10.278333,23.4167,3.43,,29.0053,-59.9336,,-49.4070,102.0896
LEO,mu,9.879444,26.0167,3.89,,33.7243,-54.3741,,-61.1500,98.5928
LEO,kappa,9.410833,26.1833,4.46,,40.0203,-49.7086,,-72.8602,90.4984
LEO,lambda,9.528611,22.9833,4.31,,40.3978,-53.4720,,-68.1066,90.1484
LEO,epsilon,9.764167,23.7667,2.97,,36.5928,-55.2071,,-62.8541,94.8273
LEO,eta,10.122222,16.7667,3.53,,34.5689,-64.5609,,-50.3979,94.1232
LEO,theta,11.237500,15.4333,3.34,,14.7865,-73.0859,,-20.9073,103.3396
LEO,delta,11.235000,20.5167,2.56,,13.8230,-68.0945,,-21.9862,108.3076
LEO,,,,,,,,,,
LEO,epsilon,9.764167,23.7667,2.97,,36.5928,-55.2071,,-62.8541,94.8273
LEO,mu,9.879444,26.0167,3.89,,33.7243,-54.3741,,-61.1500,98.5928
LEO,,,,,,,,,,
LEO,omicron,9.685833,9.9000,3.48,,45.6137,-65.8438,,-56.8889,82.1198
LEO,eta,10.122222,16.7667,3.53,,34.5689,-64.5609,,-50.3979,94.1232
LEO,alpha,10.139444,11.9667,1.35,,36.5242,-68.9579,,-47.7263,90.1077
LEO,31,10.131667,10.0000,4.37,,37.5885,-70.6194,,-46.9857,88.2743
LEO,,,,,,,,,,
LEO,rho,10.546944,9.3000,3.85,,29.9639,-74.9310,,-36.8701,92.2013
LEO,theta,11.237500,15.4333,3.34,,14.7865,-73.0859,,-20.9073,103.3396
LEO,iota,11.398889,10.5333,3.95,,12.4542,-78.4847,,-15.7558,99.2910
LEO,sigma,11.352222,6.0333,4.03,,14.1716,-82.7621,,-16.2081,94.6557
LEO,,,,,,,,,,
LMI,beta,10.464722,36.7000,4.20,,20.8509,-49.0523,,-49.5650,116.6027
LMI,46,10.888333,34.2167,3.81,,16.0066,-53.4375,,-35.6430,118.9931
LMI,21,10.123889,35.2500,4.48,,25.8230,-48.2777,,-59.0746,110.4435
LMI,beta,10.464722,36.7000,4.20,,20.8509,-49.0523,,-49.5650,116.6027
LMI,,,,,,,,,,
LYN,alpha,9.350833,34.4000,3.14,,35.5435,-42.7554,,-79.5253,95.6613
LYN,38,9.313889,36.8167,3.81,,34.3925,-40.5662,,-82.0097,96.7310
LYN,31,8.380556,43.2000,4.25,,38.0015,-27.3153,,-108.1582,77.7434
LYN,21,7.445278,49.2167,4.55,,37.8986,-15.0657,,-129.3694,51.4279
LYN,15,6.954444,58.4167,4.35,,30.6025,-7.8100,,-143.8074,36.7006
LYN,2,6.326944,59.0167,4.45,,30.8699,-2.6487,,-148.4711,12.7393
LYN,,,,,,,,,,
VIR,nu,11.764167,6.5167,4.03,,5.1511,-83.3243,,-5.9553,96.3328
VIR,beta,11.845000,1.7667,3.61,,3.5794,-88.1607,,-3.7228,91.6911
VIR,eta,12.331667,-0.6667,3.88,,-7.8049,-89.6609,,7.8049,89.6609
VIR,gamma,12.694444,-1.4500,3.68,,-16.5346,-89.9428,,16.0103,87.0906
VIR,delta,12.926667,3.3833,3.37,,-20.8078,-84.0802,,22.4333,90.6487
VIR,epsilon,13.036389,10.9667,2.83,,-21.1817,-76.1420,,27.0600,97.2729
VIR,,,,,,,,,,
VIR,gamma,12.694444,-1.4500,3.68,,-16.5346,-89.9428,,16.0103,87.0906
VIR,theta,13.165833,-5.5333,4.37,,-28.7075,-91.1180,,25.3820,80.5628
VIR,alpha,13.419722,-11.1500,0.97,,-36.7360,-94.2432,,28.6370,73.4659
VIR,iota,14.266944,-6.0000,4.08,,-53.6883,-79.5837,,46.9773,69.6357
VIR,mu,14.717500,-5.6500,3.88,,-62.4523,-72.4475,,55.0742,63.8886
VIR,,,,,,,,,,
VIR,theta,13.165833,-5.5333,4.37,,-28.7075,-91.1180,,25.3820,80.5628
VIR,zeta,13.578333,-0.6000,3.36,,-36.1393,-82.4254,,36.1393,82.4254
VIR,tau,14.027222,1.5500,4.26,,-44.7698,-76.2828,,46.3389,78.9564
VIR,109,14.770833,1.9000,3.73,,-58.4488,-65.9193,,60.9698,68.7626
VIR,,,,,,,,,,
VEL,mu,10.779444,-49.4333,2.68,,43.8003,-132.3752,,-12.7432,38.5132
VEL,psi,9.511667,-40.4667,3.58,,79.1066,-103.7483,,-30.0338,39.3894
VEL,lambda,9.133333,-43.4333,2.24,,91.0013,-97.5870,,-31.7584,34.0567
VEL,gamma,8.158889,-47.3500,1.83,,115.9898,-73.5621,,-36.0172,22.8425
VEL,delta,8.745278,-54.7167,1.95,,108.9216,-95.2837,,-26.5562,23.2311
VEL,kappa,9.368611,-55.0167,2.49,,92.1850,-111.9454,,-22.2384,27.0053
VEL,phi,9.947778,-54.5833,3.54,,73.9967,-124.2128,,-18.1260,30.4268
VEL,mu,10.779444,-49.4333,2.68,,43.8003,-132.3752,,-12.7432,38.5132
VEL,,,,,,,,,,
CEN,alpha,14.660000,-60.8333,0.33,,-96.7520,-115.7141,,18.7089,22.3757
CEN,beta,14.063889,-60.3667,0.61,,-77.3508,-128.9457,,15.2438,25.4118
CEN,epsilon,13.664722,-53.4667,2.30,,-60.5654,-130.0558,,15.4228,33.1183
CEN,zeta,13.925556,-47.3000,2.54,,-66.3197,-120.2206,,20.6253,37.3883
CEN,upsilon^1,13.978056,-44.8000,3.86,,-66.7282,-117.1255,,22.3747,39.2735
CEN,mu,13.826944,-42.4833,3.47,,-60.9774,-117.6163,,21.8702,42.1844
CEN,nu,13.825000,-41.6833,3.41,,-60.5496,-116.9369,,22.2166,42.9060
CEN,theta,14.111389,-36.3833,2.07,,-66.3561,-107.5621,,28.1508,45.6320
CEN,,,,,,,,,,
CEN,kappa,14.985833,-42.1000,3.13,,-93.0617,-93.7546,,33.7446,33.9958
CEN,eta,14.591667,-42.1500,2.32,,-82.9404,-102.8810,,30.0318,37.2520
CEN,mu,13.826944,-42.4833,3.47,,-60.9774,-117.6163,,21.8702,42.1844
CEN,iota,13.343056,-36.7167,2.75,,-43.6426,-118.9640,,18.3514,50.0234
CEN,,,,,,,,,,
CEN,zeta,13.925556,-47.3000,2.54,,-66.3197,-120.2206,,20.6253,37.3883
CEN,gamma,12.691944,-48.9667,2.16,,-25.0364,-136.6928,,7.3926,40.3619
CEN,sigma,12.467500,-50.2333,3.92,,-17.1205,-139.1843,,4.8549,39.4692
CEN,delta,12.139167,-50.7167,2.58,,-5.1257,-140.6233,,1.4309,39.2573
CEN,pi,11.350278,-54.5000,3.88,,24.4606,-142.4146,,-6.0094,34.9877
CEN,lambda,11.596389,-63.0167,3.13,,16.1385,-152.1632,,-2.8459,26.8328
CEN,,,,,,,,,,
CRT,theta,11.611389,-9.8000,4.75,,10.1360,-99.2839,,-8.1453,79.7853
CRT,epsilon,11.410278,-10.8667,4.81,,15.5109,-99.6669,,-12.1688,78.1921
CRT,delta,11.322222,-14.7667,3.56,,18.4926,-103.1217,,-13.2796,74.0521
CRT,alpha,10.996111,-18.3000,4.07,,28.1366,-104.5812,,-18.6278,69.2380
CRT,beta,11.194167,-22.8333,4.47,,23.6279,-110.3317,,-14.0651,65.6775
CRT,gamma,11.414722,-17.6833,4.06,,16.4353,-106.4217,,-11.0374,71.4694
CRT,zeta,11.746111,-18.3500,4.72,,7.1965,-108.1107,,-4.7589,71.4918
CRT,eta,11.933611,-17.1500,5.17,,1.8622,-107.1338,,-1.2661,72.8390
CRT,,,,,,,,,,
CRT,gamma,11.414722,-17.6833,4.06,,16.4353,-106.4217,,-11.0374,71.4694
CRT,delta,11.322222,-14.7667,3.56,,18.4926,-103.1217,,-13.2796,74.0521
ANT,,,,,,,,,,
ANT,iota,10.945278,-37.1333,4.59,,34.6604,-122.3174,,-14.4130,50.8640
ANT,alpha,10.452778,-31.0833,4.24,,47.7160,-111.2850,,-23.2176,54.1490
ANT,theta,9.736667,-27.7667,4.78,,65.7691,-97.6904,,-34.7554,51.6241
ANT,epsilon,9.487500,-35.9500,4.50,,77.0001,-99.6714,,-33.0437,42.7728
ANT,alpha,10.452778,-31.0833,4.24,,47.7160,-111.2850,,-23.2176,54.1490
ANT,,,,,,,,,,
HYA,pi,14.106389,-26.6833,3.26,,-61.1332,-99.3868,,33.1731,53.9309
HYA,gamma,13.315278,-23.1833,2.98,,-38.2078,-106.5393,,22.5556,62.8944
HYA,beta,11.881667,-33.9000,4.28,,3.8378,-123.8405,,-1.7377,56.0731
HYA,xi,11.550000,-31.8500,3.54,,14.3219,-121.0054,,-6.8348,57.7469
HYA,nu,10.826944,-16.1833,3.11,,32.0993,-101.2153,,-22.3148,70.3630
HYA,mu,10.434722,-16.8500,3.81,,42.5707,-98.0034,,-29.1441,67.0935
HYA,lambda,10.176389,-12.3667,3.61,,47.0364,-90.9204,,-35.6717,68.9526
HYA,upsilon^1,9.858056,-14.8500,4.10,,55.7623,-88.7924,,-39.9670,63.6409
HYA,alpha,9.459722,-8.6667,1.98,,60.8865,-77.6398,,-50.1902,64.0004
HYA,iota,9.664167,-1.1333,3.88,,52.3208,-74.6178,,-51.0195,72.7619
HYA,theta,9.239444,2.3167,3.88,,57.9956,-65.7638,,-61.0602,69.2389
HYA,zeta,8.923333,5.9500,3.11,,60.6132,-58.2276,,-69.1949,66.4715
HYA,epsilon,8.779722,6.4167,3.37,,62.4106,-55.5976,,-71.9930,64.1341
HYA,delta,8.627778,5.7000,4.14,,65.1259,-53.5267,,-73.9329,60.7652
HYA,sigma,8.646111,3.3500,4.43,,66.6765,-55.3395,,-71.8321,59.6185
HYA,eta,8.720556,3.3833,4.29,,65.5602,-56.6067,,-70.6818,61.0289
HYA,zeta,8.923333,5.9500,3.11,,60.6132,-58.2276,,-69.1949,66.4715
HYA,,,,,,,,,,
PUP,rho,8.125833,-24.3000,2.81,,97.0506,-60.3793,,-55.7850,34.7062
PUP,xi,7.821389,-24.8667,3.35,,102.0533,-52.7207,,-57.8677,29.8944
PUP,zeta,8.059722,-40.0000,2.25,,111.5533,-66.7523,,-42.9051,25.6739
PUP,pi,7.285833,-37.1000,2.70,,119.9663,-41.9822,,-49.9309,17.4733
PUP,sigma,7.487222,-43.3000,3.24,,123.3231,-50.5994,,-43.2047,17.7269
PUP,zeta,8.059722,-40.0000,2.25,,111.5533,-66.7523,,-42.9051,25.6739
PUP,,,,,,,,,,
PUP,sigma,7.487222,-43.3000,3.24,,123.3231,-50.5994,,-43.2047,17.7269
PUP,L2,7.226678,-44.6500,4.42,,127.7660,-42.5025,,-43.0315,14.3148
PUP,nu,6.629444,-43.1833,3.17,,131.3791,-21.8478,,-46.1824,7.6800
PUP,tau,6.832222,-50.6167,2.92,,137.2923,-30.3951,,-38.4523,8.5129
PUP,L2,7.226678,-44.6500,4.42,,127.7660,-42.5025,,-43.0315,14.3148
PUP,,,,,,,,,,
COL,delta,6.368611,-33.4333,3.84,,122.8590,-11.8931,,-56.3035,5.4503
COL,gamma,5.959167,-35.2833,4.36,,125.2762,1.3393,,-54.7135,-0.5849
COL,beta,5.849444,-35.7667,3.11,,125.6690,4.9559,,-54.1912,-2.1371
COL,alpha,5.660833,-34.0833,2.63,,123.5945,11.0033,,-55.6964,-4.9585
COL,epsilon,5.520278,-35.4833,3.86,,124.4950,15.7182,,-54.0873,-6.8288
COL,,,,,,,,,,
COL,beta,5.849444,-35.7667,3.11,,125.6690,4.9559,,-54.1912,-2.1371
COL,eta,5.985833,-42.8167,3.95,,132.8158,0.4926,,-47.1830,-0.1750
COL,,,,,,,,,,
CAR,alpha,6.399167,-52.6833,-0.72,,141.9049,-14.8835,,-37.1131,3.8926
CAR,chi,7.946389,-52.9833,3.46,,124.8184,-69.7467,,-32.3140,18.0566
CAR,epsilon,8.375278,-59.5000,1.88,,121.5142,-87.0893,,-24.7905,17.7674
CAR,iota,9.285000,-59.2667,2.25,,97.3859,-113.1217,,-20.0513,23.2912
CAR,q,10.284716,-61.3167,3.39,,65.6895,-136.3144,,-12.4520,25.8395
CAR,p,10.533740,-61.6833,3.30,,56.8066,-140.6444,,-10.6048,26.2559
CAR,theta,10.715833,-64.3833,2.76,,50.9305,-145.7405,,-8.4509,24.1826
CAR,omega,10.229167,-70.0333,3.31,,71.5627,-143.1414,,-8.9286,17.8591
CAR,beta,9.220000,-69.7167,1.68,,106.2484,-119.2506,,-13.4931,15.1443
CAR,upsilon,9.785000,-65.0667,3.15,,84.9654,-129.7172,,-13.6617,20.8574
CAR,L,9.754167,-62.5167,3.40,,84.5953,-126.9053,,-15.2440,22.8682
CAR,iota,9.285000,-59.2667,2.25,,97.3859,-113.1217,,-20.0513,23.2912
CAR,,,,,,,,,,
CAS,epsilon,1.906667,63.6833,3.37,,12.5976,23.1056,,-73.5670,-134.9314
CAS,delta,1.430278,60.2333,2.68,,10.8874,27.7041,,-54.9489,-139.8237
CAS,gamma,0.945000,60.7167,2.57,,7.1710,28.3917,,-36.9082,-146.1277
CAS,alpha,0.675278,56.5333,2.22,,5.8857,32.9450,,-25.7705,-144.2494
CAS,,,,,,,,,,
CAS,gamma,0.945000,60.7167,2.57,,7.1710,28.3917,,-36.9082,-146.1277
CAS,kappa,0.550000,62.9333,4.16,,3.8839,26.7866,,-21.9448,-151.3507
CAS,beta,0.152778,59.1500,2.27,,1.2336,30.8253,,-5.9640,-149.0307
CAS,,,,,,,,,,
PIC,alpha,6.803333,-61.9333,3.26,,148.5856,-31.7184,,-27.4482,5.8593
PIC,gamma,5.830556,-56.1500,4.50,,146.0062,6.4812,,-33.8167,-1.5011
PIC,beta,5.788056,-51.0667,3.84,,140.8496,7.8233,,-38.8734,-2.1592
PIC,delta,6.171667,-54.9667,4.80,,144.8203,-6.5129,,-34.9980,1.5739
PIC,alpha,6.803333,-61.9333,3.26,,148.5856,-31.7184,,-27.4482,5.8593
PIC,,,,,,,,,,
DOR,gamma,4.266944,-51.4833,4.24,,127.1689,62.0130,,-34.6198,-16.8821
DOR,alpha,4.566667,-55.0500,3.26,,134.9571,53.1610,,-32.5181,-12.8092
DOR,zeta,5.091944,-57.4833,4.71,,143.3354,34.7317,,-31.6021,-7.6575
DOR,beta,5.560278,-62.4833,3.40,,151.4741,17.5150,,-27.3345,-3.1607
DOR,delta,5.746389,-65.7333,4.34,,155.3902,10.3324,,-24.2132,-1.6100
DOR,,,,,,,,,,
AND,alpha,0.139722,29.0833,2.07,,2.2278,60.8759,,-4.3550,-119.0037
AND,delta,0.655556,30.8667,3.25,,10.0990,58.2646,,-20.6419,-119.0910
AND,beta,1.162222,35.6167,2.06,,16.2930,51.8853,,-37.6342,-119.8466
AND,mu,0.945833,38.5000,3.86,,12.6224,49.9292,,-31.4948,-124.5806
AND,nu,0.830278,41.0833,4.52,,10.5493,47.7656,,-28.2692,-127.9988
AND,phi,1.158333,47.2500,4.24,,12.7662,40.7993,,-40.9862,-130.9874
AND,51,1.633056,48.6167,3.57,,17.1587,37.6585,,-57.4742,-126.1400
AND,,,,,,,,,,
AND,pi,0.614722,33.7167,4.36,,9.0188,55.5560,,-19.8244,-122.1180
AND,beta,1.162222,35.6167,2.06,,16.2930,51.8853,,-37.6342,-119.8466
AND,upsilon,1.613333,41.4000,4.09,,19.9223,44.3290,,-53.8639,-119.8526
AND,gamma,2.064722,42.3333,2.10,,24.5293,40.8708,,-68.0990,-113.4665
AND,,,,,,,,,,
AND,eta,0.953611,23.4167,4.39,,16.4507,64.5191,,-28.0218,-109.9005
AND,zeta,0.788889,24.2667,4.06,,13.4796,64.3364,,-23.4322,-111.8383
AND,epsilon,0.642500,29.3167,4.37,,10.1592,59.8269,,-19.9753,-117.6327
AND,delta,0.655556,30.8667,3.25,,10.0990,58.2646,,-20.6419,-119.0910
AND,pi,0.614722,33.7167,4.36,,9.0188,55.5560,,-19.8244,-122.1180
AND,sigma,0.305556,36.7833,4.52,,4.2525,53.0465,,-10.1311,-126.3779
AND,theta,0.285000,38.6833,4.60,,3.8253,51.1739,,-9.5925,-128.3253
AND,iota,23.635556,43.2667,4.27,,-4.4521,46.5208,,12.6959,-132.6605
AND,,,,,,,,,,
AND,omicron,23.031944,42.3167,3.62,,-11.9557,46.1602,,33.1760,-128.0900
AND,iota,23.635556,43.2667,4.27,,-4.4521,46.5208,,12.6959,-132.6605
AND,kappa,23.673611,44.3333,4.14,,-3.8974,45.5001,,11.4646,-133.8432
AND,lambda,23.626111,46.4667,3.88,,-4.2544,43.3249,,13.3366,-135.8134
AND,,,,,,,,,,
TAU,omicron,3.413611,9.0333,3.59,,63.1041,50.7294,,-77.1849,-62.0491
TAU,xi,3.452778,9.7333,3.72,,63.0709,49.6468,,-78.3672,-61.6873
TAU,lambda,4.011111,12.4833,3.41,,67.2439,38.5629,,-88.9019,-50.9833
TAU,gamma,4.330000,15.6167,3.63,,67.3867,31.4946,,-95.6822,-44.7190
TAU,theta,4.477778,15.8667,3.41,,68.3241,28.7676,,-97.5707,-41.0818
TAU,alpha,4.598611,16.5000,0.86,,68.6086,26.3650,,-99.4124,-38.2023
TAU,zeta,5.627500,21.1500,2.98,,68.5229,6.7036,,-110.6219,-10.8222
TAU,,,,,,,,,,
TAU,beta,5.438056,28.6000,1.65,,60.7367,9.0004,,-117.3189,-17.3852
TAU,epsilon,4.476944,19.1833,3.53,,65.2613,27.4948,,-100.6182,-42.3907
TAU,delta,4.382222,17.5333,3.76,,66.0637,29.7826,,-98.0320,-44.1945
TAU,gamma,4.330000,15.6167,3.63,,67.3867,31.4946,,-95.6822,-44.7190
TAU,,,,,,,,,,
TAU,epsilon,4.476944,19.1833,3.53,,65.2613,27.4948,,-100.6182,-42.3907
TAU,eta,3.791389,24.1167,2.87,,55.1734,36.0071,,-95.5659,-62.3680
TAU,,,,,,,,,,
AUR,delta,5.992222,54.2833,3.71,,35.7166,0.0727,,-144.2830,-0.2938
AUR,beta,5.992222,44.9500,1.90,,45.0499,0.0917,,-134.9497,-0.2748
AUR,alpha,5.278056,46.0000,0.06,,43.2164,8.2668,,-133.5781,-25.5519
AUR,delta,5.992222,54.2833,3.71,,35.7166,0.0727,,-144.2830,-0.2938
AUR,,,,,,,,,,
AUR,alpha,5.278056,46.0000,0.06,,43.2164,8.2668,,-133.5781,-25.5519
AUR,epsilon,5.032778,43.8333,2.98,,44.6945,11.5657,,-129.5656,-33.5280
AUR,zeta,5.041389,41.0833,3.69,,47.3843,12.1479,,-126.9770,-32.5529
AUR,iota,4.950000,33.1500,2.69,,54.7156,15.4314,,-118.5264,-33.4279
AUR,bet_tau,5.438056,28.6000,1.65,,60.7367,9.0004,,-117.3189,-17.3852
AUR,theta,5.995278,37.2000,2.66,,52.8000,0.0653,,-127.1999,-0.1573
AUR,beta,5.992222,44.9500,1.90,,45.0499,0.0917,,-134.9497,-0.2748
AUR,,,,,,,,,,
HOR,alpha,4.233333,-42.2833,3.85,,118.3849,59.0245,,-42.7033,-21.2911
HOR,iota,2.709167,-50.8000,5.40,,91.6990,106.8454,,-25.5298,-29.7467
HOR,eta,2.623333,-52.5500,5.30,,90.3847,110.2321,,-23.7454,-28.9596
HOR,zeta,2.677778,-54.5500,5.20,,93.2367,110.4610,,-22.8657,-27.0899
HOR,,,,,,,,,,
CAE,gamma,5.073611,-35.4833,4.54,,121.8109,30.1358,,-52.9212,-13.0926
CAE,beta,4.700833,-37.1333,5.04,,119.8504,42.4118,,-49.8382,-17.6364
CAE,alpha,4.675833,-41.8667,4.43,,124.0220,44.8036,,-45.2699,-16.3540
CAE,delta,4.513889,-44.9500,5.06,,124.8645,51.1894,,-41.6832,-17.0884
CAE,,,,,,,,,,
SCL,alpha,0.976667,-29.3667,4.30,,30.1895,115.4859,,-15.3350,-58.6621
SCL,delta,23.815278,-28.1333,4.56,,-5.7107,117.9952,,2.9907,-61.7943
SCL,gamma,23.313889,-32.5333,4.41,,-21.8917,120.5619,,10.2669,-56.5421
SCL,beta,23.549722,-37.8167,4.37,,-15.0325,126.9296,,6.1373,-51.8212
SCL,eta,0.465278,-33.0167,4.82,,14.9476,122.1052,,-6.9240,-56.5611
SCL,alpha,0.976667,-29.3667,4.30,,30.1895,115.4859,,-15.3350,-58.6621
SCL,,,,,,,,,,
CET,delta,2.658056,0.3333,4.06,,57.6953,69.0742,,-57.6953,-69.0742
CET,omicron,2.322500,-2.9833,2.00,,53.1168,76.3184,,-49.7083,-71.4211
CET,zeta,1.857500,-10.3333,3.72,,46.8909,88.7019,,-37.2323,-70.4310
CET,theta,1.400278,-8.1833,3.60,,35.1924,91.6595,,-29.3260,-76.3803
CET,iota,0.323889,-8.8333,3.54,,8.3704,98.4782,,-6.8742,-80.8750
CET,beta,0.726389,-17.9833,2.03,,20.4114,106.0367,,-13.6129,-70.7184
CET,upsilon,2.000278,-21.0833,3.99,,55.5487,96.1969,,-34.4627,-59.6811
CET,delta,2.658056,0.3333,4.06,,57.6953,69.0742,,-57.6953,-69.0742
CET,gamma,2.721667,3.2333,3.46,,56.7238,65.6572,,-60.9514,-70.5506
CET,alpha,3.038056,4.1000,2.52,,61.3426,60.1323,,-67.1984,-65.8725
CET,lambda,2.995278,8.9167,4.70,,57.2636,57.4054,,-69.8581,-70.0311
CET,mu,2.748889,10.1167,4.26,,52.6533,60.0748,,-65.9896,-75.2909
CET,xi,2.469167,8.4667,4.27,,49.1106,65.0833,,-59.3102,-78.6002
CET,gamma,2.721667,3.2333,3.46,,56.7238,65.6572,,-60.9514,-70.5506
CET,,,,,,,,,,
CET,beta,0.726389,-17.9833,2.03,,20.4114,106.0367,,-13.6129,-70.7184
CET,tau,1.734444,-15.9333,3.50,,46.4658,95.1987,,-32.4881,-66.5612
CET,,,,,,,,,,
FOR,alpha,3.201111,-28.9833,3.85,,88.4450,79.5897,,-45.3561,-40.8149
FOR,beta,2.818056,-32.4167,4.45,,82.3418,90.5851,,-38.7326,-42.6101
FOR,nu,2.075000,-29.3000,4.69,,61.6670,102.1258,,-31.3762,-51.9617
FOR,,,,,,,,,,
PHE,alpha,0.438056,-42.3000,2.39,,15.1393,131.4309,,-5.4584,-47.3867
PHE,kappa,0.436667,-43.6833,3.93,,15.2493,132.8107,,-5.2834,-46.0143
PHE,beta,1.101389,-46.7167,3.30,,38.8773,131.0725,,-12.3082,-41.4964
PHE,gamma,1.472500,-43.3167,3.40,,50.1300,123.5326,,-17.5540,-43.2573
PHE,delta,1.520833,-49.0833,3.93,,53.9249,128.2040,,-15.8641,-37.7161
PHE,beta,1.101389,-46.7167,3.30,,38.8773,131.0725,,-12.3082,-41.4964
PHE,,,,,,,,,,
PHE,kappa,0.436667,-43.6833,3.93,,15.2493,132.8107,,-5.2834,-46.0143
PHE,zeta,1.139722,-55.2500,3.94,,42.6993,138.8320,,-10.2155,-33.2146
PHE,eta,0.722500,-57.4667,4.36,,27.7273,144.8365,,-6.1171,-31.9531
PHE,,,,,,,,,,
PHE,kappa,0.436667,-43.6833,3.93,,15.2493,132.8107,,-5.2834,-46.0143
PHE,epsilon,0.156667,-45.7500,3.87,,5.5663,135.6358,,-1.8144,-44.2128
PHE,iota,23.584722,-42.6167,4.70,,-14.3896,131.8337,,5.1413,-47.1036
PHE,sigma,23.787778,-50.2333,5.17,,-7.7873,140.0169,,2.2083,-39.7053
PHE,epsilon,0.156667,-45.7500,3.87,,5.5663,135.6358,,-1.8144,-44.2128
PHE,,,,,,,,,,
CAM,7,4.954722,53.7667,4.43,,34.8851,9.7921,,-138.4171,-38.8530
CAM,beta,5.056944,60.4500,4.04,,28.6540,7.2217,,-145.8879,-36.7686
CAM,alpha,4.900833,66.3333,4.30,,22.6935,6.7167,,-149.9052,-44.3684
CAM,gamma,3.839444,71.3167,4.65,,15.7734,10.0133,,-136.1916,-86.4576
CAM,,,,,,,,,,
CAM,alpha,4.900833,66.3333,4.30,,22.6935,6.7167,,-149.9052,-44.3684
CAM,SAO13788,6.314103,69.3167,4.76,,20.6134,-1.6989,,-158.7783,13.0862
CAM,SAO6022,7.001121,76.9667,4.55,,12.5882,-3.3770,,-161.2647,43.2615
CAM,,,,,,,,,,
ERI,alpha,1.628333,-57.2500,0.49,,60.8881,134.0716,,-13.5422,-29.8190
ERI,chi,1.932500,-51.6000,3.69,,68.6220,123.8611,,-18.6094,-33.5895
ERI,phi,2.275000,-51.5167,3.55,,79.3909,117.1497,,-21.5892,-31.8571
ERI,kappa,2.449722,-47.7000,4.24,,82.3813,110.3386,,-25.3067,-33.8949
ERI,iota,2.677778,-39.8500,4.10,,83.7550,99.2277,,-32.3474,-38.3232
ERI,theta,2.970833,-40.3000,3.42,,91.4298,92.8369,,-34.8738,-35.4105
ERI,41,4.298333,-33.8000,3.55,,111.7168,53.3460,,-50.7147,-24.2169
ERI,43,4.400556,-34.0167,3.95,,113.3022,50.4256,,-51.1466,-22.7630
ERI,upsilon^2,4.592500,-30.5667,3.81,,112.4736,43.4282,,-55.4439,-21.4079
ERI,upsilon^1,4.558333,-29.7667,4.50,,111.3370,44.1376,,-55.9939,-22.1978
ERI,tau^9,3.998889,-24.0167,4.64,,98.7247,57.0371,,-57.1336,-33.0083
ERI,tau^8,3.895000,-24.6000,4.63,,97.6341,60.0062,,-55.7179,-34.2444
ERI,tau^6,3.780833,-23.2500,4.22,,94.6687,62.1562,,-55.7981,-36.6351
ERI,tau^5,3.563056,-21.6333,4.26,,89.6744,66.4869,,-54.9185,-40.7180
ERI,tau^4,3.325278,-21.7500,3.70,,85.4538,72.0119,,-52.1899,-43.9804
ERI,tau^3,3.040000,-23.6167,4.07,,81.1760,79.4934,,-47.4291,-46.4460
ERI,tau^2,2.850556,-21.0000,4.76,,75.3587,81.4988,,-46.8446,-50.6614
ERI,tau^1,2.751667,-18.5833,4.47,,71.6296,81.6060,,-47.1117,-53.6733
ERI,eta,2.940278,-8.9000,3.89,,68.8309,71.0177,,-56.4428,-58.2359
ERI,zeta,3.263889,-8.8167,4.80,,74.5307,64.8838,,-61.2311,-53.3056
ERI,epsilon,3.548889,-9.4667,3.73,,79.6807,59.5365,,-64.5136,-48.2038
ERI,delta,3.720556,-9.7667,3.53,,82.5232,56.0652,,-66.3660,-45.0882
ERI,pi,3.769167,-12.1000,4.42,,85.1766,56.2970,,-64.9878,-42.9534
ERI,gamma,3.967222,-13.5167,2.95,,89.2006,52.5257,,-65.9059,-38.8086
ERI,omicron,4.197778,-6.8333,4.05,,86.2535,44.0116,,-74.0801,-37.8000
ERI,nu,4.605278,-3.3500,3.92,,87.1959,33.3332,,-80.9376,-30.9408
ERI,mu,4.758333,-3.2500,4.02,,88.3664,29.7815,,-82.2068,-27.7056
ERI,beta,5.130833,-5.0833,2.77,,92.6323,21.4497,,-82.7277,-19.1562
ERI,,,,,,,,,,
PEG,alpha,23.079444,15.2000,2.50,,-17.8529,72.6382,,25.1086,-102.1597
PEG,zeta,22.690833,10.8333,3.39,,-26.6054,74.5622,,33.8869,-94.9686
PEG,theta,22.170000,6.2000,3.51,,-38.6297,74.3652,,44.3457,-85.3692
PEG,epsilon,21.736389,9.8833,2.40,,-44.7475,66.4555,,55.7878,-82.8517
PEG,,,,,,,,,,
PEG,alp_and,0.139722,29.0833,2.07,,2.2278,60.8759,,-4.3550,-119.0037
PEG,beta,23.063056,28.0833,2.56,,-15.0358,60.0633,,28.6752,-114.5487
PEG,eta,22.716667,30.2167,2.95,,-19.7100,56.4408,,39.6343,-113.4952
PEG,pi,22.166667,33.1667,4.30,,-26.2427,50.4118,,56.8720,-109.2502
PEG,,,,,,,,,,
PEG,alp_and,0.139722,29.0833,2.07,,2.2278,60.8759,,-4.3550,-119.0037
PEG,gamma,0.220556,15.1833,2.83,,4.3176,74.6920,,-6.0700,-105.0080
PEG,alpha,23.079444,15.2000,2.50,,-17.8529,72.6382,,25.1086,-102.1597
PEG,beta,23.063056,28.0833,2.56,,-15.0358,60.0633,,28.6752,-114.5487
PEG,mu,22.833611,24.6000,3.49,,-19.6616,62.3745,,34.4529,-109.2985
PEG,lambda,22.775556,23.5667,3.95,,-20.9329,63.0492,,35.7845,-107.7815
PEG,iota,22.116667,25.3333,3.76,,-30.6080,56.9643,,54.5895,-101.5961
PEG,kappa,21.744167,25.6500,4.14,,-35.8326,53.4504,,64.3985,-96.0612
PEG,,,,,,,,,,
PER,eta,2.845000,55.9000,3.77,,23.1143,25.0707,,-98.8967,-107.2672
PER,tau,2.904444,52.7667,3.95,,25.6611,26.9783,,-98.3945,-103.4449
PER,gamma,3.080000,53.5000,2.94,,26.3442,25.2632,,-103.5726,-99.3225
PER,,,,,,,,,,
PER,tau,2.904444,52.7667,3.95,,25.6611,26.9783,,-98.3945,-103.4449
PER,iota,3.151111,49.6167,4.05,,29.6624,27.4036,,-102.5512,-94.7421
PER,alpha,3.405556,49.8500,1.80,,31.2391,25.2218,,-108.8118,-87.8523
PER,,,,,,,,,,
PER,eta,2.845000,55.9000,3.77,,23.1143,25.0707,,-98.8967,-107.2672
PER,gamma,3.080000,53.5000,2.94,,26.3442,25.2632,,-103.5726,-99.3225
PER,alpha,3.405556,49.8500,1.80,,31.2391,25.2218,,-108.8118,-87.8523
PER,sigma,3.509444,48.0000,4.35,,33.3840,25.4855,,-109.6901,-83.7381
PER,nu,3.753333,42.5833,3.77,,39.4485,26.3089,,-110.3033,-73.5631
PER,epsilon,3.964167,40.0000,2.89,,43.0648,25.4051,,-111.9686,-66.0533
PER,xi,3.982500,35.7833,4.04,,46.8283,27.3232,,-108.6423,-63.3901
PER,zeta,3.902222,31.8833,2.85,,49.5703,30.3370,,-103.9597,-63.6234
PER,omicron,3.738611,32.2833,3.83,,47.8938,32.2086,,-101.4719,-68.2398
PER,,,,,,,,,,
PER,alpha,3.405556,49.8500,1.80,,31.2391,25.2218,,-108.8118,-87.8523
PER,psi,3.608333,48.2000,4.23,,33.8704,24.4956,,-111.9831,-80.9878
PER,delta,3.715278,47.7833,3.02,,34.8872,23.7724,,-113.8621,-77.5865
PER,48,4.144444,47.7167,4.03,,37.3916,19.7421,,-121.7842,-64.3001
PER,mu,4.248333,48.4000,4.13,,37.3019,18.4155,,-124.1005,-61.2669
PER,lambda,4.109722,50.3500,4.29,,34.8931,18.8306,,-123.5120,-66.6551
PER,,,,,,,,,,
PER,iota,3.151111,49.6167,4.05,,29.6624,27.4036,,-102.5512,-94.7421
PER,kappa,3.158333,44.8667,3.79,,33.2092,30.5642,,-99.2351,-91.3313
PER,beta,3.136389,40.9500,2.15,,35.8996,33.4233,,-95.8422,-89.2310
PER,epsilon,3.964167,40.0000,2.89,,43.0648,25.4051,,-111.9686,-66.0533
PER,,,,,,,,,,
PER,beta,3.136389,40.9500,2.15,,35.8996,33.4233,,-95.8422,-89.2310
PER,rho,3.086389,38.8333,3.50,,36.9892,35.3528,,-93.1358,-89.0155
PER,16,2.843056,38.3167,4.22,,35.0136,38.0160,,-86.9300,-94.3840
PER,,,,,,,,,,
PER,iota,3.151111,49.6167,4.05,,29.6624,27.4036,,-102.5512,-94.7421
PER,theta,2.736667,49.2167,4.11,,26.7831,30.7562,,-91.4260,-104.9884
PER,phi,1.727500,50.6833,4.06,,17.1813,35.3639,,-61.4783,-126.5394
PER,,,,,,,,,,
PSC,phi,1.229167,24.5833,4.65,,20.6893,62.0588,,-36.2393,-108.7017
PSC,tau,1.194444,30.1000,4.50,,18.4272,56.9951,,-36.9468,-114.2757
PSC,upsilon,1.324444,27.2667,4.76,,21.3188,58.9998,,-39.8510,-110.2877
PSC,phi,1.229167,24.5833,4.65,,20.6893,62.0588,,-36.2393,-108.7017
PSC,eta,1.524722,15.3500,3.62,,29.0131,68.7813,,-40.9448,-97.0677
PSC,omicron,1.756667,9.1500,4.26,,35.8855,72.4496,,-44.0081,-88.8483
PSC,alpha,2.033889,2.7667,4.33,,44.2852,75.1563,,-47.0943,-79.9236
PSC,xi,1.892778,3.2000,4.61,,41.2731,76.3595,,-44.3163,-81.9897
PSC,nu,1.690556,5.4833,4.44,,36.1966,76.3732,,-40.8934,-86.2832
PSC,epsilon,1.048889,7.8833,4.27,,22.2668,79.0401,,-26.5421,-94.2161
PSC,delta,0.811389,7.5833,4.43,,17.3757,80.5642,,-20.5732,-95.3900
PSC,omega,23.988611,6.8667,4.02,,-0.2479,83.1330,,0.2888,-96.8662
PSC,iota,23.665833,5.6333,4.13,,-7.3714,84.0440,,8.3558,-95.2676
PSC,theta,23.466111,6.3833,4.27,,-11.6492,82.8012,,13.4278,-95.4434
PSC,gamma,23.286111,3.2833,3.69,,-16.1128,85.2066,,17.3329,-91.6589
PSC,kappa,23.448889,1.2500,4.92,,-12.7605,87.8279,,13.1200,-90.3019
PSC,lambda,23.700833,1.7833,4.50,,-6.9022,87.9462,,7.1813,-91.5020
PSC,iota,23.665833,5.6333,4.13,,-7.3714,84.0440,,8.3558,-95.2676
PSC,,,,,,,,,,
PSC,gamma,23.286111,3.2833,3.69,,-16.1128,85.2066,,17.3329,-91.6589
PSC,beta,23.064444,3.8167,4.52,,-20.8983,83.6112,,22.7493,-91.0167
PSC,,,,,,,,,,
UMA,eta,13.792222,49.3167,1.88,,-18.3960,-36.2866,,62.9956,124.2606
UMA,zeta,13.398889,54.9333,2.27,,-12.5572,-32.7412,,51.9001,135.3220
UMA,epsilon,12.900556,55.9500,1.79,,-7.9536,-33.1080,,34.0920,141.9124
UMA,delta,12.257222,57.0333,3.31,,-2.2183,-32.8919,,9.8938,146.7001
UMA,alpha,11.062222,61.7500,1.79,,6.8662,-27.4029,,-36.8829,147.1996
UMA,23,9.525556,63.0667,3.66,,16.2526,-21.4769,,-92.3665,122.0567
UMA,omicron,8.504444,60.7167,3.35,,23.2113,-17.8536,,-119.4647,91.8896
UMA,iota,8.986944,48.0333,3.15,,29.7762,-29.5733,,-97.9373,97.2701
UMA,kappa,9.060278,47.1500,3.57,,29.8176,-30.7739,,-95.4373,98.4980
UMA,mu,10.371944,41.5000,3.03,,20.0516,-44.1609,,-54.3668,119.7351
UMA,xi,11.303056,31.5333,4.41,,10.6087,-57.4961,,-22.0521,119.5159
UMA,nu,11.308056,33.0833,3.46,,10.2542,-55.9853,,-22.1749,121.0693
UMA,psi,11.161111,44.4833,3.00,,9.9162,-44.4234,,-29.2985,131.2531
UMA,chi,11.767500,47.7833,3.70,,2.5681,-42.1385,,-8.3815,137.5282
UMA,eta,13.792222,49.3167,1.88,,-18.3960,-36.2866,,62.9956,124.2606
UMA,,,,,,,,,,
UMA,delta,12.257222,57.0333,3.31,,-2.2183,-32.8919,,9.8938,146.7001
UMA,gamma,11.896944,53.7000,2.43,,0.9793,-36.2868,,-3.8765,143.6477
UMA,beta,11.030833,56.3833,2.38,,8.4382,-32.5404,,-36.7442,141.6967
UMA,alpha,11.062222,61.7500,1.79,,6.8662,-27.4029,,-36.8829,147.1996
UMA,,,,,,,,,,
UMA,23,9.525556,63.0667,3.66,,16.2526,-21.4769,,-92.3665,122.0567
UMA,upsilon,9.849722,59.0500,3.79,,16.5173,-26.1741,,-79.5444,126.0499
UMA,phi,9.868333,54.0667,4.57,,19.0285,-30.4815,,-76.2904,122.2088
UMA,theta,9.547500,51.6833,3.18,,22.9459,-30.6864,,-84.8469,113.4688
UMA,lambda,10.285000,42.9167,3.45,,20.4366,-42.4168,,-57.6928,119.7430
UMA,mu,10.371944,41.5000,3.03,,20.0516,-44.1609,,-54.3668,119.7351
UMA,,,,,,,,,,
UMI,alpha,2.520278,89.2500,2.04,,0.4597,0.5926,,-109.8739,-141.6273
UMI,delta,17.536389,86.5833,4.35,,-3.3915,-0.4137,,175.2843,21.3799
UMI,epsilon,16.766111,82.0333,4.19,,-7.5546,-2.5290,,163.1353,54.6107
UMI,zeta,15.734167,77.8000,4.30,,-10.1157,-6.8199,,139.1330,93.8022
UMI,eta,16.291667,75.7500,4.94,,-12.8484,-6.1628,,149.4475,71.6834
UMI,gamma,15.345556,71.8333,3.04,,-13.9538,-11.6327,,124.3037,103.6272
UMI,beta,14.845278,74.1500,2.07,,-10.7446,-11.6523,,111.2760,120.6767
UMI,zeta,15.734167,77.8000,4.30,,-10.1157,-6.8199,,139.1330,93.8022
UMI,,,,,,,,,,
CEP,gamma,23.655556,77.6167,3.22,,-1.1152,12.3330,,15.0944,-166.9356
CEP,iota,22.828056,66.2000,3.50,,-7.1882,22.6886,,47.1760,-148.9055
CEP,zeta,22.180833,58.2000,3.35,,-14.5789,28.2612,,67.9431,-131.7079
CEP,alpha,21.309722,62.5833,2.44,,-17.7526,20.8930,,98.7993,-116.2771
CEP,beta,21.477500,70.5500,3.18,,-11.9311,15.3607,,98.4852,-126.7950
CEP,gamma,23.655556,77.6167,3.22,,-1.1152,12.3330,,15.0944,-166.9356
CEP,,,,,,,,,,
CEP,beta,21.477500,70.5500,3.18,,-11.9311,15.3607,,98.4852,-126.7950
CEP,iota,22.828056,66.2000,3.50,,-7.1882,22.6886,,47.1760,-148.9055
CEP,,,,,,,,,,
CHA,alpha,8.308889,-76.9167,4.06,,137.3400,-94.8625,,-10.7650,7.4356
CHA,gamma,10.591111,-78.6000,4.14,,60.7870,-157.2606,,-4.1102,10.6333
CHA,beta,12.305556,-79.3000,4.27,,-13.5286,-168.7586,,0.8550,10.6658
CHA,delta,10.763056,-80.5500,4.44,,54.2692,-161.6854,,-3.0070,8.9588
CHA,theta,8.344167,-77.4833,4.34,,136.9213,-96.4532,,-10.2327,7.2083
CHA,alpha,8.308889,-76.9167,4.06,,137.3400,-94.8625,,-10.7650,7.4356
CHA,,,,,,,,,,
CIR,gamma,15.389722,-59.3333,4.50,,-115.8005,-94.2904,,23.7805,19.3632
CIR,alpha,14.708333,-64.9667,3.18,,-100.8996,-117.6177,,16.2993,19.0000
CIR,beta,15.291944,-58.8000,4.06,,-112.9444,-96.8763,,23.6819,20.3128
CIR,,,,,,,,,,
COM,alpha,13.166389,17.5167,5.22,,-21.7911,-69.1302,,32.3234,102.5428
COM,beta,13.197778,27.8833,4.26,,-19.1607,-59.0876,,36.3627,112.1349
COM,gamma,12.448889,28.2667,4.35,,-7.2381,-61.3075,,13.8666,117.4509
COM,,,,,,,,,,
CRA,kappa,18.556389,-38.7333,5.95,,-127.3700,18.6853,,50.7238,-7.4412
CRA,lambda,18.729444,-38.3167,5.13,,-125.9840,24.3557,,50.7438,-9.8100
CRA,epsilon,18.978889,-37.1000,4.87,,-122.9491,32.2169,,51.1724,-13.4089
CRA,gamma,19.106944,-37.0500,4.20,,-121.7522,36.3056,,50.7421,-15.1309
CRA,alpha,19.157778,-37.9167,4.10,,-122.0855,38.1813,,49.7091,-15.5461
CRA,beta,19.167222,-39.3333,4.10,,-123.3417,38.9092,,48.3194,-15.2428
CRA,delta,19.138889,-40.5000,4.58,,-124.7421,38.3360,,47.3160,-14.5412
CRA,zeta,19.051944,-42.1000,4.74,,-127.1221,35.9220,,46.0950,-13.0255
CRA,eta,18.814167,-43.6667,5.48,,-130.6418,28.2756,,45.2848,-9.8013
CRA,theta,18.558333,-42.3167,4.63,,-130.9056,19.2721,,47.1748,-6.9451
CRA,,,,,,,,,,
CRB,theta,15.548889,31.3667,4.16,,-46.9700,-35.0954,,97.2244,72.6449
CRB,beta,15.463611,29.1000,3.67,,-47.9598,-37.5322,,93.7934,73.4003
CRB,alpha,15.578056,26.7167,2.23,,-50.9828,-37.4905,,94.0301,69.1457
CRB,gamma,15.712500,26.3000,3.82,,-52.6146,-35.9081,,96.0609,65.5590
CRB,delta,15.826667,26.0667,4.62,,-53.8608,-34.4454,,97.7806,62.5333
CRB,epsilon,15.959722,26.8833,4.14,,-54.3248,-32.1329,,100.6021,59.5058
CRB,iota,16.023889,29.8500,4.99,,-52.2785,-29.7486,,104.1659,59.2747
CRB,,,,,,,,,,
CRU,beta,12.795556,-59.7000,1.27,,-30.9540,-146.4648,,6.2652,29.6452
CRU,delta,12.252500,-58.7500,2.81,,-9.8259,-148.4251,,2.0643,31.1817
CRU,,,,,,,,,,
CRU,gamma,12.519444,-57.1167,1.66,,-19.9448,-145.7584,,4.4580,32.5797
CRU,alpha,12.443333,-63.1000,0.80,,-17.7296,-152.0700,,3.1151,26.7190
CRU,,,,,,,,,,
CRV,alpha,12.140000,-24.7167,4.03,,-4.2036,-114.6396,,2.3922,65.2395
CRV,epsilon,12.168889,-22.6167,2.99,,-4.9777,-112.5066,,2.9784,67.3175
CRV,gamma,12.263611,-17.5333,2.59,,-7.4153,-107.2774,,4.9972,72.2942
CRV,delta,12.497500,-16.5167,2.95,,-13.8341,-105.6145,,9.5438,72.8609
CRV,beta,12.573056,-23.4000,2.67,,-16.9492,-112.1262,,9.9543,65.8519
CRV,epsilon,12.168889,-22.6167,2.99,,-4.9777,-112.5066,,2.9784,67.3175
CRV,,,,,,,,,,
CVN,alpha,12.933889,38.3167,2.88,,-12.5106,-50.1463,,31.0607,124.5006
CVN,beta,12.562500,41.3500,4.27,,-7.1384,-48.1234,,19.2730,129.9283
CVN,,,,,,,,,,
CYG,beta,19.512500,27.9667,5.11,,-57.2333,23.9266,,108.8387,-45.5003
CYG,chi,19.842500,32.9167,4.00,,-50.5701,26.4796,,108.8919,-57.0181
CYG,eta,19.983611,35.0833,3.89,,-47.6766,27.2540,,108.5927,-62.0763
CYG,gamma,20.370278,40.2500,2.21,,-40.4749,28.9282,,105.9670,-75.7368
CYG,alpha,20.690556,45.2667,1.25,,-34.0872,28.9678,,103.0745,-87.5941
CYG,,,,,,,,,,
CYG,zeta,21.215556,30.2333,3.19,,-39.8105,44.5778,,80.0873,-89.6777
CYG,epsilon,20.770278,33.9667,2.46,,-41.9314,37.1685,,92.7678,-82.2305
CYG,gamma,20.370278,40.2500,2.21,,-40.4749,28.9282,,105.9670,-75.7368
CYG,delta,19.749444,45.1333,2.87,,-40.2426,19.8382,,121.2061,-59.7503
CYG,iota,19.495000,51.7333,3.77,,-35.3729,14.5977,,131.0154,-54.0675
CYG,,,,,,,,,,
DEL,epsilon,20.553611,11.3000,4.03,,-61.7584,48.7811,,79.4933,-62.7894
DEL,beta,20.625833,14.6000,3.58,,-58.2746,47.8460,,80.8424,-66.3752
DEL,alpha,20.660833,15.9167,3.77,,-56.8238,47.5331,,81.2408,-67.9579
DEL,gamma,20.777500,16.1333,4.27,,-55.1838,49.1022,,79.2894,-70.5512
DEL,delta,20.724167,15.0833,4.42,,-56.6581,49.0139,,79.4726,-68.7503
DEL,beta,20.625833,14.6000,3.58,,-58.2746,47.8460,,80.8424,-66.3752
DEL,,,,,,,,,,
DRA,lambda,11.523333,69.3333,3.83,,2.5723,-20.5060,,-19.8318,158.0943
DRA,kappa,12.558056,69.7833,3.87,,-2.9431,-20.0013,,23.2612,158.0811
DRA,alpha,14.073333,64.3667,3.65,,-13.2405,-21.9490,,79.7355,132.1791
DRA,iota,15.415556,58.9667,3.30,,-24.1968,-19.4315,,116.1497,93.2755
DRA,theta,16.031667,58.5667,4.01,,-27.3514,-15.4904,,129.2739,73.2141
DRA,eta,16.399722,61.5000,2.73,,-26.0352,-11.5939,,138.3977,61.6307
DRA,zeta,17.146667,65.7167,3.18,,-23.6799,-5.3799,,151.8470,34.4988
DRA,chi,18.351111,72.7333,3.56,,-17.1938,1.5849,,162.0463,-14.9375
DRA,tau,19.259167,73.3500,4.45,,-15.7535,5.3898,,154.5546,-52.8782
DRA,epsilon,19.802778,70.2667,3.83,,-17.5760,8.9715,,142.7457,-72.8634
DRA,delta,19.209167,67.6667,3.07,,-21.2236,6.9523,,149.8326,-49.0814
DRA,xi,17.892222,56.8667,3.74,,-33.1201,-0.9348,,146.8082,4.1435
DRA,nu,17.536111,55.1833,4.88,,-34.5602,-4.2180,,144.1140,17.5886
DRA,beta,17.507222,52.3167,2.79,,-37.3702,-4.8480,,141.1340,18.3092
DRA,gamma,17.943333,51.4833,2.23,,-38.5124,-0.5714,,141.4678,2.0989
DRA,xi,17.892222,56.8667,3.74,,-33.1201,-0.9348,,146.8082,4.1435
DRA,,,,,,,,,,
EQU,alpha,21.263889,5.2500,3.91,,-55.6475,63.9212,,62.5419,-71.8406
EQU,delta,21.241389,10.0000,4.48,,-52.8831,60.0281,,66.1039,-75.0351
EQU,gamma,21.172500,10.1333,4.67,,-53.8671,58.9662,,67.5363,-73.9293
EQU,,,,,,,,,,
GRU,alpha,22.137222,-46.9667,1.74,,-64.1788,120.9998,,20.1642,-38.0167
GRU,beta,22.711111,-46.8833,2.10,,-45.3171,129.1643,,14.2744,-40.6853
GRU,iota,23.172500,-45.2500,3.89,,-29.0718,132.0886,,9.6189,-43.7040
GRU,,,,,,,,,,
GRU,zeta,23.014722,-52.7500,4.11,,-36.4147,138.0273,,9.5023,-36.0176
GRU,epsilon,22.809167,-51.3167,3.48,,-43.3466,134.5045,,11.8655,-36.8186
GRU,beta,22.711111,-46.8833,2.10,,-45.3171,129.1643,,14.2744,-40.6853
GRU,delta,22.487778,-43.4833,3.96,,-51.4762,123.1584,,17.9386,-42.9186
GRU,mu,22.260278,-41.3500,4.78,,-57.7774,117.9601,,21.3999,-43.6906
GRU,lambda,22.101667,-39.5500,4.47,,-61.7662,113.8777,,24.0533,-44.3468
GRU,gamma,21.898889,-37.3667,3.00,,-66.5805,108.5786,,27.5139,-44.8693
GRU,,,,,,,,,,
HER,pi,17.250833,36.8000,3.16,,-52.1800,-10.3674,,124.3690,24.7103
HER,eta,16.715000,38.9333,3.53,,-48.2041,-16.8572,,121.7060,42.5612
HER,zeta,16.688056,31.6000,2.81,,-54.9890,-19.6664,,114.4977,40.9492
HER,epsilon,17.005000,30.9167,3.91,,-57.0901,-15.2172,,116.8374,31.1426
HER,pi,17.250833,36.8000,3.16,,-52.1800,-10.3674,,124.3690,24.7103
HER,rho,17.394722,37.1333,4.52,,-52.2043,-8.3423,,125.5405,20.0615
HER,theta,17.937500,37.2500,3.84,,-52.7429,-0.8631,,127.2330,2.0820
HER,iota,17.657500,46.0167,3.80,,-43.8066,-3.9385,,135.4702,12.1798
HER,tau,16.328889,46.3167,3.89,,-39.5690,-18.5074,,123.4777,57.7536
HER,phi,16.146111,44.9333,4.25,,-39.8621,-21.0243,,119.3503,62.9485
HER,sigma,16.568333,42.4500,4.20,,-44.2490,-17.4078,,123.2550,48.4893
HER,iota,17.657500,46.0167,3.80,,-43.8066,-3.9385,,135.4702,12.1798
HER,,,,,,,,,,
HER,epsilon,17.005000,30.9167,3.91,,-57.0901,-15.2172,,116.8374,31.1426
HER,beta,16.503611,21.4833,2.78,,-63.3259,-26.1603,,103.0375,42.5654
HER,gamma,16.365556,19.1500,3.74,,-64.4622,-29.3998,,99.3091,45.2927
HER,,,,,,,,,,
HER,epsilon,17.005000,30.9167,3.91,,-57.0901,-15.2172,,116.8374,31.1426
HER,mu,17.774444,27.7333,3.41,,-62.1581,-3.6747,,117.5281,6.9481
HER,lambda,17.512222,26.1000,4.40,,-63.3797,-8.1379,,115.1546,14.7857
HER,delta,17.250556,24.8333,3.14,,-63.9164,-12.7041,,112.6301,22.3865
HER,alpha,17.244167,14.3833,3.50,,-74.1411,-14.8653,,102.3464,20.5205
HER,,,,,,,,,,
HER,mu,17.774444,27.7333,3.41,,-62.1581,-3.6747,,117.5281,6.9481
HER,xi,17.962778,29.2500,3.69,,-60.7471,-0.5920,,119.2443,1.1620
HER,pi,17.250833,36.8000,3.16,,-52.1800,-10.3674,,124.3690,24.7103
HER,,,,,,,,,,
HER,xi,17.962778,29.2500,3.69,,-60.7471,-0.5920,,119.2443,1.1620
HER,omicron,18.125556,28.7667,3.83,,-61.2003,2.0124,,118.7025,-3.9032
HER,102,18.146111,20.8167,4.36,,-69.1327,2.6457,,110.7356,-4.2379
HER,109,18.395000,21.7667,3.84,,-67.8688,7.0435,,111.1696,-11.5373
HER,110,18.760833,20.5500,4.20,,-68.0768,13.7422,,108.3642,-21.8747
HER,111,18.783611,18.1833,4.35,,-70.3107,14.6300,,105.9148,-22.0383
HER,,,,,,,,,,
HYI,beta,0.429167,-77.2500,2.80,,18.7520,166.1954,,-1.4295,-12.6696
HYI,gamma,3.787222,-74.2500,3.27,,137.4516,89.9173,,-13.1803,-8.6222
HYI,epsilon,2.659722,-68.2667,4.10,,101.5113,121.4241,,-13.9396,-16.6741
HYI,delta,2.362500,-68.6667,4.08,,91.9972,129.2734,,-12.3694,-17.3813
HYI,alpha,1.979444,-61.5667,2.86,,75.0759,131.6665,,-14.0839,-24.7001
HYI,,,,,,,,,,
IND,alpha,20.626111,-47.2833,3.11,,-106.0961,87.1225,,33.0125,-27.1088
IND,theta,21.330833,-53.4500,4.38,,-92.2798,109.8287,,23.5122,-27.9835
IND,delta,21.965278,-54.9833,4.39,,-73.6300,124.8951,,17.7833,-30.1649
IND,,,,,,,,,,
IND,theta,21.330833,-53.4500,4.38,,-92.2798,109.8287,,23.5122,-27.9835
IND,beta,20.913611,-58.4500,3.64,,-107.3170,102.5693,,22.8080,-21.7990
IND,,,,,,,,,,
LAC,5,22.492222,47.7167,4.34,,-16.2606,39.0317,,52.9609,-127.1260
LAC,alpha,22.521389,50.2833,3.75,,-14.9932,36.7779,,52.9575,-129.9035
LAC,beta,22.392778,52.2333,4.42,,-15.4263,34.4725,,58.0971,-129.8270
LAC,4,22.408611,49.4667,4.56,,-16.4029,37.0661,,56.4388,-127.5367
LAC,5,22.492222,47.7167,4.34,,-16.2606,39.0317,,52.9609,-127.1260
LAC,11,22.675278,44.2667,4.48,,-15.5448,43.0104,,45.6374,-126.2726
LAC,6,22.508056,43.1333,4.49,,-17.8437,43.3369,,50.6884,-123.1063
LAC,2,22.350556,46.5333,4.57,,-18.1920,39.4766,,57.1430,-124.0001
LAC,5,22.492222,47.7167,4.34,,-16.2606,39.0317,,52.9609,-127.1260
LAC,,,,,,,,,,
LAC,6,22.508056,43.1333,4.49,,-17.8437,43.3369,,50.6884,-123.1063
LAC,1,22.266389,37.7500,4.13,,-22.9083,46.9603,,56.0103,-114.8169
LAC,,,,,,,,,,
LIB,sigma,15.067778,-25.2833,3.32,,-82.9512,-80.0584,,46.5663,44.9424
LIB,alpha,14.848056,-16.0500,2.75,,-71.9472,-77.9115,,50.1697,54.3287
LIB,beta,15.283333,-9.3833,2.61,,-75.2893,-64.8734,,61.0724,52.6233
LIB,gamma,15.592222,-14.7833,3.90,,-84.6459,-61.7626,,60.7614,44.3351
LIB,upsilon,15.616944,-28.1333,3.58,,-95.8790,-69.0124,,50.2120,36.1419
LIB,tau,15.644444,-29.7833,3.65,,-97.7194,-69.2746,,49.1248,34.8252
LIB,,,,,,,,,,
LIB,gamma,15.592222,-14.7833,3.90,,-84.6459,-61.7626,,60.7614,44.3351
LIB,alpha,14.848056,-16.0500,2.75,,-71.9472,-77.9115,,50.1697,54.3287
LIB,,,,,,,,,,
LUP,alpha,14.698889,-47.4000,2.31,,-89.2038,-104.5057,,27.6571,32.4013
LUP,zeta,15.204722,-52.1000,3.40,,-105.7183,-94.9528,,28.1965,25.3252
LUP,epsilon,15.377778,-44.7000,3.36,,-104.1866,-85.3770,,35.0383,28.7125
LUP,gamma,15.585833,-41.1667,2.77,,-105.8294,-77.4909,,39.4003,28.8498
LUP,eta,16.002222,-38.4000,3.40,,-111.2350,-64.1353,,44.7019,25.7740
LUP,theta,16.109722,-36.8000,4.21,,-111.5876,-60.2199,,46.8175,25.2658
LUP,chi,15.849167,-33.6167,3.94,,-104.5317,-65.9865,,47.6784,30.0974
LUP,phi,15.363611,-36.2667,3.55,,-97.3662,-80.3934,,41.4346,34.2118
LUP,delta,15.356111,-40.6500,3.21,,-100.5827,-83.3819,,37.9928,31.4956
LUP,beta,14.975556,-43.1333,2.67,,-93.5351,-94.7400,,32.9270,33.3511
LUP,alpha,14.698889,-47.4000,2.31,,-89.2038,-104.5057,,27.6571,32.4013
LUP,iota,14.323333,-46.0667,3.55,,-77.7526,-111.6632,,25.1048,36.0539
LUP,,,,,,,,,,
LYR,alpha,18.615556,38.7833,0.04,,-50.5531,8.2180,,127.1147,-20.6640
LYR,zeta,18.746389,37.6000,4.35,,-51.4028,10.1741,,125.1717,-24.7752
LYR,delta,18.908333,36.9000,4.30,,-51.6057,12.5086,,123.3288,-29.8933
LYR,gamma,18.982222,32.6833,3.25,,-55.4321,14.5768,,118.6495,-31.2009
LYR,beta,18.834444,33.3667,3.43,,-55.2873,12.2738,,120.4346,-26.7365
LYR,zeta,18.746389,37.6000,4.35,,-51.4028,10.1741,,125.1717,-24.7752
LYR,,,,,,,,,,
MEN,alpha,6.170833,-74.7500,5.08,,164.5853,-7.3658,,-15.2348,0.6818
MEN,gamma,5.531389,-76.3500,5.18,,165.0997,20.3570,,-13.5474,-1.6704
MEN,eta,4.919722,-74.9333,5.46,,158.3811,46.0265,,-14.4681,-4.2045
MEN,beta,5.045278,-71.3167,5.30,,156.3039,39.9019,,-18.1028,-4.6213
MEN,,,,,,,,,,
MIC,alpha,20.832778,-33.7833,4.88,,-91.2748,83.6135,,41.4528,-37.9734
MIC,gamma,21.021667,-32.2667,4.66,,-85.9638,86.9446,,40.5914,-41.0545
MIC,epsilon,21.299167,-32.1667,4.70,,-79.3612,92.8790,,37.5693,-43.9686
MIC,theta,21.346111,-40.8167,4.81,,-83.7516,100.4921,,31.4882,-37.7822
MIC,iota,20.808056,-43.9833,5.09,,-99.3797,89.8621,,34.1320,-30.8632
MIC,alpha,20.832778,-33.7833,4.88,,-91.2748,83.6135,,41.4528,-37.9734
MIC,,,,,,,,,,
MUS,lambda,11.760000,-66.7167,3.63,,9.8403,-156.4074,,-1.4620,23.2374
MUS,epsilon,12.292778,-67.9500,4.13,,-12.0949,-157.4862,,1.6885,21.9853
MUS,alpha,12.619722,-69.1333,2.70,,-25.7051,-157.0435,,3.3706,20.5926
MUS,beta,12.771389,-68.1167,3.05,,-31.7149,-154.9033,,4.3893,21.4386
MUS,delta,13.037778,-71.5500,3.61,,-43.3535,-155.6242,,4.9512,17.7732
MUS,gamma,12.541111,-72.1333,3.88,,-22.8915,-160.5092,,2.5226,17.6877
MUS,alpha,12.619722,-69.1333,2.70,,-25.7051,-157.0435,,3.3706,20.5926
MUS,,,,,,,,,,
NOR,delta,16.108056,-45.1667,4.72,,-118.9225,-64.2453,,39.4453,21.3095
NOR,eta,16.053611,-49.2333,4.64,,-121.5448,-67.9175,,35.5876,19.8858
NOR,gamma,16.330556,-50.1667,4.04,,-126.9910,-59.3294,,36.0890,16.8605
NOR,epsilon,16.453056,-47.5667,4.46,,-126.4384,-54.2025,,39.0008,16.7191
NOR,delta,16.108056,-45.1667,4.72,,-118.9225,-64.2453,,39.4453,21.3095
NOR,,,,,,,,,,
OCT,beta,22.767500,-81.3833,4.14,,-54.3453,162.5387,,2.7323,-8.1720
OCT,delta,14.448889,-83.6667,4.31,,-103.8686,-139.1813,,3.7879,5.0757
OCT,nu,21.691389,-77.3833,3.78,,-95.1177,137.7309,,7.1696,-10.3816
OCT,beta,22.767500,-81.3833,4.14,,-54.3453,162.5387,,2.7323,-8.1720
OCT,,,,,,,,,,
OPH,alpha,17.582222,12.5667,2.07,,-76.9706,-8.4523,,101.9538,11.1958
OPH,kappa,16.962222,9.3833,3.20,,-77.6596,-21.6342,,95.7378,26.6705
OPH,zeta,16.619167,-10.5667,2.57,,-94.0667,-35.5683,,74.2993,28.0939
OPH,eta,17.173056,-15.7167,2.43,,-103.2489,-22.7086,,72.5493,15.9565
OPH,beta,17.724444,4.5667,2.77,,-85.2111,-6.1578,,94.3207,6.8161
OPH,alpha,17.582222,12.5667,2.07,,-76.9706,-8.4523,,101.9538,11.1958
OPH,,,,,,,,,,
OPH,kappa,16.962222,9.3833,3.20,,-77.6596,-21.6342,,95.7378,26.6705
OPH,lambda,16.515278,1.9833,3.81,,-81.4509,-33.3570,,85.1216,34.8603
OPH,delta,16.238889,-3.6833,2.73,,-83.9011,-41.6793,,77.3037,38.4019
OPH,epsilon,16.305278,-4.7000,3.23,,-85.5311,-40.6513,,77.0412,36.6162
OPH,,,,,,,,,,
OPH,beta,17.724444,4.5667,2.77,,-85.2111,-6.1578,,94.3207,6.8161
OPH,gamma,17.798333,2.7167,3.74,,-87.1617,-4.6061,,92.5875,4.8928
OPH,68,18.029167,1.3000,4.44,,-88.6974,0.6773,,91.2973,-0.6971
OPH,70,18.090833,2.5000,4.20,,-87.4753,2.0806,,92.4738,-2.1995
OPH,67,18.010556,2.9333,3.96,,-87.0663,0.2406,,92.9330,-0.2568
OPH,,,,,,,,,,
OPH,zeta,16.619167,-10.5667,2.57,,-94.0667,-35.5683,,74.2993,28.0939
OPH,phi,16.518889,-16.6167,4.28,,-98.7015,-40.3128,,67.9354,27.7470
OPH,chi,16.450556,-18.4667,4.32,,-99.6644,-42.8021,,65.7283,28.2278
OPH,psi,16.401667,-20.0333,4.49,,-100.5400,-44.7107,,63.9301,28.4301
OPH,omega,16.535556,-21.4667,4.46,,-103.3744,-41.6960,,63.5579,25.6361
OPH,,,,,,,,,,
OPH,eta,17.173056,-15.7167,2.43,,-103.2489,-22.7086,,72.5493,15.9565
OPH,xi,17.350278,-21.1000,4.40,,-109.4966,-18.8068,,67.9057,11.6632
OPH,theta,17.366667,-25.0000,3.28,,-113.4228,-18.9805,,64.1086,10.7281
OPH,44,17.439444,-24.1833,4.17,,-112.9560,-16.6967,,65.1092,9.6242
OPH,,,,,,,,,,
PAV,alpha,20.427222,-56.7333,1.92,,-118.0921,87.0915,,26.7733,-19.7450
PAV,delta,20.145278,-66.1833,3.57,,-132.1915,83.1783,,20.1581,-12.6840
PAV,beta,20.749167,-66.2000,3.42,,-117.4598,102.9642,,17.8972,-15.6885
PAV,gamma,21.440833,-65.3667,4.23,,-96.4791,121.7809,,15.2967,-19.3083
PAV,alpha,20.427222,-56.7333,1.92,,-118.0921,87.0915,,26.7733,-19.7450
PAV,,,,,,,,,,
PAV,delta,20.145278,-66.1833,3.57,,-132.1915,83.1783,,20.1581,-12.6840
PAV,kappa,18.949167,-67.2500,3.90,,-152.4200,38.6744,,22.0512,-5.5952
PAV,zeta,18.717222,-71.4333,4.00,,-158.5959,30.1343,,18.2403,-3.4658
PAV,epsilon,20.009722,-72.9000,3.96,,-140.8678,81.8088,,14.7872,-8.5877
PAV,delta,20.145278,-66.1833,3.57,,-132.1915,83.1783,,20.1581,-12.6840
PAV,,,,,,,,,,
PAV,kappa,18.949167,-67.2500,3.90,,-152.4200,38.6744,,22.0512,-5.5952
PAV,lambda,18.870278,-62.1833,4.21,,-148.2505,34.3740,,27.0978,-6.2830
PAV,nu,18.522778,-62.2667,4.63,,-150.8428,20.7747,,27.4740,-3.7838
PAV,xi,18.387222,-61.4833,4.36,,-150.7056,15.3303,,28.3703,-2.8859
PAV,pi,18.142778,-63.6667,4.34,,-153.5593,5.7426,,26.3149,-0.9841
PAV,nu,18.522778,-62.2667,4.63,,-150.8428,20.7747,,27.4740,-3.7838
PAV,,,,,,,,,,
PAV,pi,18.142778,-63.6667,4.34,,-153.5593,5.7426,,26.3149,-0.9841
PAV,eta,17.762222,-64.7333,3.62,,-154.4336,-9.6259,,25.2177,1.5718
PAV,,,,,,,,,,
PSA,tau,22.168889,-32.5500,4.92,,-56.5240,108.7361,,26.4978,-50.9742
PSA,beta,22.525000,-32.3500,4.28,,-46.0805,113.3407,,21.7126,-53.4049
PSA,gamma,22.875278,-32.8667,4.46,,-35.6578,117.5787,,16.5810,-54.6744
PSA,delta,22.932500,-32.5333,4.20,,-33.8005,117.7792,,15.8520,-55.2370
PSA,alpha,22.960833,-29.6167,1.15,,-32.1422,115.2173,,16.2256,-58.1625
PSA,epsilon,22.677778,-27.0500,4.17,,-39.7133,110.1070,,21.3580,-59.2160
PSA,tau,22.168889,-32.5500,4.92,,-56.5240,108.7361,,26.4978,-50.9742
PSA,theta,21.795556,-30.9000,5.01,,-65.9648,101.3186,,32.2458,-49.5279
PSA,iota,21.749167,-33.0333,4.33,,-68.3760,102.2836,,31.6593,-47.3591
PSA,mu,22.139722,-33.0000,4.49,,-57.5633,108.6990,,26.6757,-50.3727
PSA,tau,22.168889,-32.5500,4.92,,-56.5240,108.7361,,26.4978,-50.9742
PSA,,,,,,,,,,
RET,alpha,4.240278,-62.4667,3.34,,136.5711,67.7821,,-24.6628,-12.2405
RET,beta,3.736667,-64.8000,3.84,,128.4105,86.4510,,-20.9040,-14.0734
RET,delta,3.979167,-61.4000,4.55,,130.7014,76.4140,,-24.6900,-14.4349
RET,epsilon,4.274444,-59.3167,4.44,,134.3379,65.1827,,-27.6053,-13.3945
RET,alpha,4.240278,-62.4667,3.34,,136.5711,67.7821,,-24.6628,-12.2405
RET,,,,,,,,,,
SCO,upsilon,17.512778,-37.3000,2.70,,-126.2658,-16.1937,,52.2719,6.7039
SCO,lambda,17.560000,-37.1000,1.62,,-126.2577,-14.6085,,52.5494,6.0802
SCO,kappa,17.708056,-39.0333,2.41,,-128.6566,-9.8525,,50.8179,3.8916
SCO,iota,17.793056,-40.1167,3.03,,-129.9258,-7.0460,,49.8101,2.7013
SCO,theta,17.621944,-43.0000,1.86,,-132.3491,-13.1422,,46.7700,4.6442
SCO,eta,17.202500,-43.2333,3.33,,-130.3400,-27.6155,,45.7511,9.6934
SCO,zeta,16.909722,-42.3500,3.63,,-126.9951,-37.2663,,45.7221,13.4170
SCO,mu,16.872222,-38.0167,3.56,,-122.4773,-37.2504,,49.7340,15.1261
SCO,epsilon,16.836111,-34.3000,2.30,,-118.5742,-37.2915,,53.1342,16.7107
SCO,tau,16.598056,-28.2167,2.83,,-110.3432,-42.4212,,57.6684,22.1705
SCO,alpha,16.490278,-26.4333,1.08,,-107.4566,-44.8308,,58.6658,24.4753
SCO,sigma,16.353333,-25.5833,2.88,,-105.0084,-48.2985,,58.5231,26.9176
SCO,nu,16.200000,-19.4667,4.00,,-97.5355,-49.6968,,62.8457,32.0215
SCO,beta,16.090556,-19.8000,2.63,,-96.3643,-52.6305,,61.6100,33.6490
SCO,delta,16.005556,-22.6167,2.30,,-97.6107,-56.1664,,58.4046,33.6068
SCO,,,,,,,,,,
SCO,sigma,16.353333,-25.5833,2.88,,-105.0084,-48.2985,,58.5231,26.9176
SCO,rho,15.948333,-29.2167,3.88,,-102.4290,-60.9994,,52.2240,31.1009
SCO,pi,15.980833,-26.1167,2.90,,-100.2674,-58.5622,,55.1636,32.2189
SCO,,,,,,,,,,
SCT,beta,18.786111,-4.7500,4.22,,-92.7505,19.3625,,83.4510,-17.4212
SCT,alpha,18.586667,-8.2500,3.84,,-97.0934,15.0309,,80.7877,-12.5066
SCT,gamma,18.486667,-14.5667,4.70,,-103.7191,13.2867,,74.8219,-9.5849
SCT,,,,,,,,,,
SER,beta,15.769722,15.4167,3.67,,-62.2269,-41.1155,,87.9520,58.1130
SER,gamma,15.940833,15.6500,3.84,,-63.8055,-38.1679,,90.6664,54.2359
SER,kappa,15.812222,18.1333,4.10,,-60.3974,-38.9483,,90.8762,58.6032
SER,beta,15.769722,15.4167,3.67,,-62.2269,-41.1155,,87.9520,58.1130
SER,delta,15.580278,10.5333,4.23,,-64.0479,-47.0407,,81.0270,59.5112
SER,alpha,15.738056,6.4167,2.65,,-69.3515,-46.6535,,79.9996,53.8167
SER,epsilon,15.846944,4.4833,3.71,,-72.2873,-45.6908,,79.8668,50.4816
SER,mu,15.826944,-3.4167,3.55,,-78.7028,-50.3244,,72.9457,46.6433
SER,eps_oph,16.305278,-4.7000,3.23,,-85.5311,-40.6513,,77.0412,36.6162
SER,ups_oph,16.463611,-8.3667,4.63,,-90.5162,-38.5073,,75.1183,31.9568
SER,nu,17.346944,-12.8500,4.33,,-101.3505,-17.4987,,76.0252,13.1261
SER,xi,17.626667,-15.4000,3.54,,-104.8970,-10.2852,,74.2440,7.2797
SER,omicron,17.690278,-12.8667,4.25,,-102.5287,-8.3318,,76.8799,6.2475
SER,nu_oph,17.983611,-9.7833,3.34,,-99.7824,-0.4281,,80.2159,0.3442
SER,eta,18.355000,-2.8833,3.25,,-92.4825,8.6200,,86.7407,-8.0849
SER,70_oph,18.090833,2.5000,4.20,,-87.4753,2.0806,,92.4738,-2.1995
SER,67_oph,18.010556,2.9333,3.96,,-87.0663,0.2406,,92.9330,-0.2568
SER,72_oph,18.122500,9.5667,3.73,,-80.3920,2.5791,,99.5155,-3.1926
SER,,,,,,,,,,
SGE,gamma,19.979444,19.4833,3.48,,-61.2581,34.9292,,95.1086,-54.2306
SGE,delta,19.789722,18.5333,3.80,,-63.7643,32.2737,,96.8361,-49.0127
SGE,alpha,19.668333,18.0167,4.36,,-65.2258,30.4499,,97.8764,-45.6925
SGE,,,,,,,,,,
SGE,delta,19.789722,18.5333,3.80,,-63.7643,32.2737,,96.8361,-49.0127
SGE,beta,19.683889,17.4833,4.37,,-65.5836,30.9429,,97.2072,-45.8632
SGE,,,,,,,,,,
SGR,zeta,19.043611,-29.8667,2.60,,-115.4206,32.3437,,57.9029,-16.2258
SGR,tau,19.115556,-27.6667,3.31,,-112.6841,33.8783,,59.6938,-17.9469
SGR,sigma,18.921111,-26.3000,2.06,,-112.9348,27.7743,,61.8568,-15.2126
SGR,phi,18.761111,-27.0000,3.18,,-114.6850,23.1593,,61.7535,-12.4704
SGR,zeta,19.043611,-29.8667,2.60,,-115.4206,32.3437,,57.9029,-16.2258
SGR,,,,,,,,,,
SGR,phi,18.761111,-27.0000,3.18,,-114.6850,23.1593,,61.7535,-12.4704
SGR,lambda,18.466111,-25.4333,2.83,,-114.5750,14.0511,,64.0865,-7.8594
SGR,delta,18.350000,-29.8167,2.69,,-119.3140,10.9634,,59.9309,-5.5069
SGR,gamma,18.096667,-30.4333,2.99,,-120.3948,3.0475,,59.5476,-1.5073
SGR,epsilon,18.402778,-34.3833,1.83,,-123.6925,13.0916,,55.3078,-5.8537
SGR,delta,18.350000,-29.8167,2.69,,-119.3140,10.9634,,59.9309,-5.5069
SGR,,,,,,,,,,
SGR,epsilon,18.402778,-34.3833,1.83,,-123.6925,13.0916,,55.3078,-5.8537
SGR,zeta,19.043611,-29.8667,2.60,,-115.4206,32.3437,,57.9029,-16.2258
SGR,alpha,19.398333,-40.6167,3.96,,-121.9616,46.7556,,46.1110,-17.6773
SGR,beta,19.377222,-44.4667,4.01,,-125.8206,47.4391,,42.6056,-16.0639
SGR,,,,,,,,,,
APS,alpha,14.797500,-79.0333,3.85,,-113.0231,-125.6902,,7.3328,8.1546
APS,delta,16.339167,-78.7000,4.73,,-153.0028,-71.0621,,10.2486,4.7599
APS,gamma,16.557500,-78.8833,3.88,,-156.9830,-62.2729,,10.3333,4.0991
APS,beta,16.717778,-77.5167,4.23,,-158.1667,-55.1827,,11.7866,4.1122
APS,delta,16.339167,-78.7000,4.73,,-153.0028,-71.0621,,10.2486,4.7599
APS,,,,,,,,,,
AQL,gamma,19.770833,10.6167,2.72,,-71.0042,35.4981,,89.9963,-44.9931
AQL,delta,19.424722,3.1167,3.36,,-80.9094,31.6605,,86.7141,-33.9320
AQL,lambda,19.104167,-4.8833,3.43,,-90.9466,27.0475,,81.5851,-24.2634
AQL,iota,19.611944,-1.3000,4.36,,-83.2902,37.3957,,80.9183,-36.3308
AQL,eta,19.874722,1.0000,3.50,,-78.4940,41.9486,,80.2580,-42.8913
AQL,theta,20.188333,-0.8167,3.24,,-75.6297,48.7867,,75.6297,-48.7867
AQL,beta,19.921944,6.4000,3.71,,-73.2387,40.3119,,84.4523,-46.4841
AQL,alpha,19.846389,8.8667,0.75,,-71.8377,37.7090,,87.5393,-45.9510
AQL,gamma,19.770833,10.6167,2.72,,-71.0042,35.4981,,89.9963,-44.9931
AQL,zeta,19.090278,13.8667,2.99,,-73.0529,21.4372,,99.6642,-29.2461
AQL,epsilon,18.993611,15.0667,4.02,,-72.4124,19.2731,,101.5319,-27.0235
AQL,,,,,,,,,,
AQR,alpha,22.096389,-0.3167,2.93,,-43.0190,79.0529,,43.0190,-79.0529
AQR,gamma,22.360833,-1.3833,3.84,,-38.0230,83.0973,,36.8718,-80.5815
AQR,eta,22.589167,-0.1167,4.02,,-32.4913,83.9304,,32.4913,-83.9304
AQR,pi,22.421111,1.3667,4.66,,-35.6024,81.1686,,36.7003,-83.6717
AQR,alpha,22.096389,-0.3167,2.93,,-43.0190,79.0529,,43.0190,-79.0529
AQR,beta,21.526111,-5.5833,2.88,,-57.6677,76.2273,,50.9306,-67.3220
AQR,nu,21.160000,-11.3833,4.51,,-68.6239,74.6280,,53.2137,-57.8695
AQR,mu,20.877778,-8.9833,4.72,,-72.1952,67.7168,,59.0909,-55.4254
AQR,epsilon,20.794722,-9.5000,3.77,,-74.0348,66.4763,,59.8975,-53.7823
AQR,,,,,,,,,,
AQR,beta,21.526111,-5.5833,2.88,,-57.6677,76.2273,,50.9306,-67.3220
AQR,iota,22.107222,-13.8667,4.26,,-49.3882,91.3733,,36.2011,-66.9758
AQR,,,,,,,,,,
AQR,alpha,22.096389,-0.3167,2.93,,-43.0190,79.0529,,43.0190,-79.0529
AQR,omicron,22.055278,-2.1500,4.75,,-44.9153,80.4626,,42.8194,-76.7080
AQR,theta,22.280278,-7.7833,4.15,,-42.5519,88.0393,,35.7779,-74.0238
AQR,lambda,22.876944,-7.5833,3.76,,-28.2794,93.3958,,23.8841,-78.8800
AQR,phi,23.238889,-6.0500,4.22,,-19.0124,94.1495,,16.6173,-82.2889
AQR,psi,23.264722,-9.0833,4.22,,-18.9555,97.2533,,15.4801,-79.4221
AQR,delta,22.910833,-15.8167,3.27,,-29.7657,101.5439,,20.8674,-71.1879
AQR,tau,22.826667,-13.5833,4.01,,-31.3205,98.7347,,23.1061,-72.8397
AQR,lambda,22.876944,-7.5833,3.76,,-28.2794,93.3958,,23.8841,-78.8800
AQR,,,,,,,,,,
AQR,psi^2,23.298333,-9.1833,4.40,,-18.1173,97.5146,,14.7623,-79.4570
AQR,98,23.382778,-20.1000,3.96,,-17.7136,108.6657,,11.2459,-68.9894
AQR,99,23.434167,-20.6333,4.39,,-16.3288,109.4217,,10.2381,-68.6070
AQR,101,23.554722,-20.9167,4.69,,-12.9007,110.1639,,8.0351,-68.6145
AQR,,,,,,,,,,
AQR,psi^1,23.264722,-9.0833,4.22,,-18.9555,97.2533,,15.4801,-79.4221
AQR,88,23.157500,-21.1667,3.66,,-24.3213,108.4735,,15.0595,-67.1658
AQR,89,23.165000,-22.4500,4.69,,-24.3865,109.7739,,14.6493,-65.9424
AQR,86,23.111389,-23.7500,4.47,,-26.2245,110.6858,,15.2736,-64.4653
AQR,,,,,,,,,,
ARA,alpha,17.530833,-49.8833,2.94,,-138.8295,-17.1384,,39.8144,4.9151
ARA,beta,17.421667,-55.5333,2.84,,-143.8684,-21.9507,,34.0724,5.1986
ARA,gamma,17.423333,-56.3833,3.32,,-144.7183,-22.0158,,33.2343,5.0559
ARA,delta,17.518333,-60.6833,3.59,,-149.4869,-18.9509,,29.0839,3.6870
ARA,,,,,,,,,,
ARA,beta,17.421667,-55.5333,2.84,,-143.8684,-21.9507,,34.0724,5.1986
ARA,zeta,16.977222,-55.9833,3.12,,-140.7813,-38.6235,,32.8045,8.9999
ARA,,,,,,,,,,
ARA,epsilon,16.993056,-53.1500,4.05,,-138.2047,-37.3013,,35.5770,9.6022
ARA,zeta,16.977222,-55.9833,3.12,,-140.7813,-38.6235,,32.8045,8.9999
ARA,eta,16.829722,-59.0500,3.75,,-142.1091,-44.9546,,29.5087,9.3347
ARA,,,,,,,,,,
VOL,beta,8.428889,-66.1333,3.76,,125.6168,-92.7256,,-19.2019,14.1741
VOL,epsilon,8.132500,-68.6167,4.34,,134.5329,-84.0247,,-18.1366,11.3275
VOL,zeta,7.696944,-72.6000,3.94,,146.8163,-69.8837,,-15.7110,7.4783
VOL,gamma,7.145833,-70.5000,3.56,,153.3325,-47.4277,,-18.6292,5.7622
VOL,epsilon,8.132500,-68.6167,4.34,,134.5329,-84.0247,,-18.1366,11.3275
VOL,alpha,9.040833,-66.4000,4.00,,109.4030,-111.7674,,-16.5084,16.8652
VOL,beta,8.428889,-66.1333,3.76,,125.6168,-92.7256,,-19.2019,14.1741
VOL,,,,,,,,,,
VOL,delta,7.280556,-67.9500,3.97,,149.1567,-51.9662,,-20.8224,7.2545
VOL,epsilon,8.132500,-68.6167,4.34,,134.5329,-84.0247,,-18.1366,11.3275
VOL,theta,8.651389,-70.3833,5.19,,123.2721,-102.6002,,-15.0776,12.5491
VOL,,,,,,,,,,
VUL,13,19.891111,24.0833,4.57,,-58.0017,31.3178,,100.3848,-54.2024
VUL,alpha,19.478611,24.6667,4.42,,-60.4992,24.6636,,106.1822,-43.2871
VUL,1,19.270278,21.4000,4.77,,-64.8414,22.3953,,105.2964,-36.3679
VUL,,,,,,,,,,
BOO,theta,14.420000,51.8500,4.05,,-22.5853,-30.7462,,83.9771,114.3209
BOO,lambda,14.273056,46.0833,4.18,,-24.6188,-36.3674,,76.2854,112.6908
BOO,eta,13.911389,18.4000,2.68,,-34.3520,-62.8212,,52.0078,95.1091
BOO,upsilon,13.824444,15.8000,4.04,,-34.1085,-65.8958,,48.6345,93.9592
BOO,,,,,,,,,,
BOO,gamma,14.534722,38.3167,3.04,,-31.8342,-40.7154,,79.0364,101.0862
BOO,rho,14.530556,30.3833,3.57,,-36.6695,-47.0053,,74.0464,94.9172
BOO,alpha,14.261111,19.1833,-0.11,,-39.5147,-58.7672,,60.9228,90.6058
BOO,zeta,14.685833,13.7167,4.43,,-49.3266,-58.1896,,67.0656,79.1161
BOO,epsilon,14.749722,27.0833,2.40,,-41.4804,-47.3063,,77.1920,88.0335
BOO,delta,15.258333,33.3167,3.48,,-42.6982,-37.2809,,92.8915,81.1059
BOO,beta,15.032500,40.3833,3.49,,-35.3815,-34.7845,,92.9760,91.4072
BOO,gamma,14.534722,38.3167,3.04,,-31.8342,-40.7154,,79.0364,101.0862
BOO,lambda,14.273056,46.0833,4.18,,-24.6188,-36.3674,,76.2854,112.6908
BOO,,,,,,,,,,
BOO,delta,15.258333,33.3167,3.48,,-42.6982,-37.2809,,92.8915,81.1059
BOO,mu,15.408333,37.3833,4.31,,-40.9630,-33.0235,,99.1701,79.9488
BOO,,,,,,,,,,
BOO,rho,14.530556,30.3833,3.57,,-36.6695,-47.0053,,74.0464,94.9172
BOO,sigma,14.578056,29.7500,4.46,,-37.6469,-47.0401,,74.8252,93.4946
BOO,epsilon,14.749722,27.0833,2.40,,-41.4804,-47.3063,,77.1920,88.0335
BOO,,,,,,,,,,
CAP,delta,21.783889,-16.1333,2.83,,-58.1793,88.7663,,40.4916,-61.7796
CAP,gamma,21.668056,-16.6667,3.66,,-61.1497,87.3985,,42.0404,-60.0864
CAP,iota,21.370833,-16.8333,4.27,,-67.8644,82.5093,,46.4781,-56.5079
CAP,theta,21.099167,-17.2333,4.06,,-73.8315,77.7682,,50.1008,-52.7721
CAP,beta,20.350278,-14.7833,3.07,,-85.5660,60.4814,,61.4219,-43.4154
CAP,alpha,20.300833,-12.5333,3.56,,-84.4877,58.0940,,63.8327,-43.8915
CAP,,,,,,,,,,
CAP,iota,21.370833,-16.8333,4.27,,-67.8644,82.5093,,46.4781,-56.5079
CAP,36,21.478611,-21.8167,4.50,,-68.5653,88.3276,,41.8096,-53.8602
CAP,zeta,21.444444,-22.4167,3.74,,-69.7248,88.1814,,41.9176,-53.0134
CAP,theta,21.099167,-17.2333,4.06,,-73.8315,77.7682,,50.1008,-52.7721
CAP,,,,,,,,,,
CAP,theta,21.099167,-17.2333,4.06,,-73.8315,77.7682,,50.1008,-52.7721
CAP,eta,21.073333,-19.8500,4.83,,-76.1702,79.1525,,48.6421,-50.5467
CAP,rho,20.480833,-17.8167,4.77,,-85.8650,65.2046,,57.4867,-43.6545
CAP,beta,20.350278,-14.7833,3.07,,-85.5660,60.4814,,61.4219,-43.4154
CAP,,,,,,,,,,
CAP,eta,21.073333,-19.8500,4.83,,-76.1702,79.1525,,48.6421,-50.5467
CAP,24,21.118889,-25.0000,4.50,,-78.7473,83.8085,,44.5093,-47.3700
CAP,,,,,,,,,,
CAP,rho,20.480833,-17.8167,4.77,,-85.8650,65.2046,,57.4867,-43.6545
CAP,psi,20.768333,-25.2667,4.13,,-86.2963,76.4157,,48.4637,-42.9148
CAP,omega,20.863611,-26.9333,4.11,,-85.5834,79.6799,,46.1584,-42.9745
CAP,,,,,,,,,,
TUC,gamma,23.290556,-58.2333,3.98,,-27.3737,145.6839,,5.8662,-31.2203
TUC,epsilon,23.998611,-65.5833,4.49,,-0.0566,155.5833,,0.0089,-24.4167
TUC,zeta,0.334444,-64.8833,4.24,,13.5439,154.2900,,-2.1963,-25.0205
TUC,beta,0.525833,-62.9667,4.35,,20.9914,151.5195,,-3.7097,-26.7776
TUC,gamma,23.290556,-58.2333,3.98,,-27.3737,145.6839,,5.8662,-31.2203
TUC,alpha,22.308333,-60.2500,2.85,,-64.3883,135.7542,,12.7491,-26.8798
TUC,,,,,,,,,,
TUC,delta,22.455278,-64.9500,4.47,,-60.9688,142.4511,,9.8565,-23.0294
TUC,gamma,23.290556,-58.2333,3.98,,-27.3737,145.6839,,5.8662,-31.2203
TUC,,,,,,,,,,
TRA,alpha,16.811111,-69.0333,1.93,,-151.3920,-48.7038,,19.9592,6.4210
TRA,beta,15.919167,-63.4333,2.84,,-131.2240,-79.5112,,22.7212,13.7672
TRA,epsilon,15.611944,-66.3167,4.10,,-126.7495,-91.4847,,19.2037,13.8607
TRA,gamma,15.315278,-68.6833,2.89,,-121.0750,-102.5731,,16.2646,13.7791
TRA,alpha,16.811111,-69.0333,1.93,,-151.3920,-48.7038,,19.9592,6.4210
TRA,,,,,,,,,,
TEL,epsilon,18.186944,-45.9500,4.53,,-135.7872,6.6510,,43.9973,-2.1550
TEL,alpha,18.449722,-45.9667,3.50,,-135.0254,15.9713,,43.7285,-5.1724
TEL,delta,18.529167,-45.9167,4.95,,-134.6145,18.7691,,43.6610,-6.0876
TEL,iota,19.586944,-48.1000,4.88,,-126.3519,55.7388,,38.3356,-16.9113
TEL,eta,19.380833,-54.4333,5.04,,-135.0982,51.0830,,33.2679,-12.5792
TEL,lambda,18.974444,-52.9333,5.03,,-138.3074,36.0693,,35.8670,-9.3538
TEL,zeta,18.480556,-49.0667,4.12,,-137.9675,17.4497,,40.6098,-5.1362
TEL,epsilon,18.186944,-45.9500,4.53,,-135.7872,6.6510,,43.9973,-2.1550
